Year,Month,Jurisdiction,Number_fires
1990,1.0,British Columbia,
1990,2.0,British Columbia,3.0
1990,3.0,British Columbia,35.0
1990,4.0,British Columbia,147.0
1990,5.0,British Columbia,235.0
1990,6.0,British Columbia,95.0
1990,7.0,British Columbia,775.0
1990,8.0,British Columbia,1563.0
1990,9.0,British Columbia,336.0
1990,10.0,British Columbia,60.0
1990,11.0,British Columbia,6.0
1990,12.0,British Columbia,
1990,,British Columbia,
1990,,British Columbia,
1991,1.0,British Columbia,2.0
1991,2.0,British Columbia,5.0
1991,3.0,British Columbia,25.0
1991,4.0,British Columbia,204.0
1991,5.0,British Columbia,193.0
1991,6.0,British Columbia,291.0
1991,7.0,British Columbia,296.0
1991,8.0,British Columbia,573.0
1991,9.0,British Columbia,172.0
1991,10.0,British Columbia,248.0
1991,11.0,British Columbia,5.0
1991,12.0,British Columbia,
1991,,British Columbia,
1991,,British Columbia,
1992,1.0,British Columbia,6.0
1992,2.0,British Columbia,2.0
1992,3.0,British Columbia,70.0
1992,4.0,British Columbia,155.0
1992,5.0,British Columbia,243.0
1992,6.0,British Columbia,705.0
1992,7.0,British Columbia,493.0
1992,8.0,British Columbia,1803.0
1992,9.0,British Columbia,197.0
1992,10.0,British Columbia,126.0
1992,11.0,British Columbia,4.0
1992,12.0,British Columbia,1.0
1992,,British Columbia,
1992,,British Columbia,
1993,1.0,British Columbia,3.0
1993,2.0,British Columbia,16.0
1993,3.0,British Columbia,34.0
1993,4.0,British Columbia,77.0
1993,5.0,British Columbia,322.0
1993,6.0,British Columbia,189.0
1993,7.0,British Columbia,153.0
1993,8.0,British Columbia,274.0
1993,9.0,British Columbia,300.0
1993,10.0,British Columbia,119.0
1993,11.0,British Columbia,10.0
1993,12.0,British Columbia,
1993,,British Columbia,
1993,,British Columbia,
1994,1.0,British Columbia,6.0
1994,2.0,British Columbia,2.0
1994,3.0,British Columbia,66.0
1994,4.0,British Columbia,142.0
1994,5.0,British Columbia,212.0
1994,6.0,British Columbia,172.0
1994,7.0,British Columbia,1030.0
1994,8.0,British Columbia,2118.0
1994,9.0,British Columbia,238.0
1994,10.0,British Columbia,70.0
1994,11.0,British Columbia,1.0
1994,12.0,British Columbia,
1994,,British Columbia,
1994,,British Columbia,
1995,1.0,British Columbia,5.0
1995,2.0,British Columbia,5.0
1995,3.0,British Columbia,61.0
1995,4.0,British Columbia,181.0
1995,5.0,British Columbia,316.0
1995,6.0,British Columbia,281.0
1995,7.0,British Columbia,277.0
1995,8.0,British Columbia,90.0
1995,9.0,British Columbia,238.0
1995,10.0,British Columbia,15.0
1995,11.0,British Columbia,5.0
1995,12.0,British Columbia,
1995,,British Columbia,
1995,,British Columbia,
1996,1.0,British Columbia,5.0
1996,2.0,British Columbia,3.0
1996,3.0,British Columbia,31.0
1996,4.0,British Columbia,60.0
1996,5.0,British Columbia,82.0
1996,6.0,British Columbia,155.0
1996,7.0,British Columbia,452.0
1996,8.0,British Columbia,489.0
1996,9.0,British Columbia,64.0
1996,10.0,British Columbia,16.0
1996,11.0,British Columbia,1.0
1996,12.0,British Columbia,2.0
1996,,British Columbia,
1996,,British Columbia,
1997,1.0,British Columbia,
1997,2.0,British Columbia,2.0
1997,3.0,British Columbia,6.0
1997,4.0,British Columbia,86.0
1997,5.0,British Columbia,131.0
1997,6.0,British Columbia,95.0
1997,7.0,British Columbia,172.0
1997,8.0,British Columbia,514.0
1997,9.0,British Columbia,162.0
1997,10.0,British Columbia,3.0
1997,11.0,British Columbia,3.0
1997,12.0,British Columbia,2.0
1997,,British Columbia,
1997,,British Columbia,
1998,1.0,British Columbia,3.0
1998,2.0,British Columbia,3.0
1998,3.0,British Columbia,24.0
1998,4.0,British Columbia,148.0
1998,5.0,British Columbia,259.0
1998,6.0,British Columbia,143.0
1998,7.0,British Columbia,674.0
1998,8.0,British Columbia,870.0
1998,9.0,British Columbia,473.0
1998,10.0,British Columbia,44.0
1998,11.0,British Columbia,4.0
1998,12.0,British Columbia,
1998,,British Columbia,18.0
1998,,British Columbia,
1999,1.0,British Columbia,
1999,2.0,British Columbia,2.0
1999,3.0,British Columbia,8.0
1999,4.0,British Columbia,92.0
1999,5.0,British Columbia,83.0
1999,6.0,British Columbia,118.0
1999,7.0,British Columbia,168.0
1999,8.0,British Columbia,522.0
1999,9.0,British Columbia,109.0
1999,10.0,British Columbia,82.0
1999,11.0,British Columbia,6.0
1999,12.0,British Columbia,8.0
1999,,British Columbia,
1999,,British Columbia,
2000,1.0,British Columbia,
2000,2.0,British Columbia,3.0
2000,3.0,British Columbia,17.0
2000,4.0,British Columbia,157.0
2000,5.0,British Columbia,82.0
2000,6.0,British Columbia,129.0
2000,7.0,British Columbia,399.0
2000,8.0,British Columbia,618.0
2000,9.0,British Columbia,86.0
2000,10.0,British Columbia,51.0
2000,11.0,British Columbia,8.0
2000,12.0,British Columbia,1.0
2000,,British Columbia,
2000,,British Columbia,
2001,1.0,British Columbia,6.0
2001,2.0,British Columbia,1.0
2001,3.0,British Columbia,30.0
2001,4.0,British Columbia,130.0
2001,5.0,British Columbia,257.0
2001,6.0,British Columbia,98.0
2001,7.0,British Columbia,329.0
2001,8.0,British Columbia,262.0
2001,9.0,British Columbia,135.0
2001,10.0,British Columbia,59.0
2001,11.0,British Columbia,13.0
2001,12.0,British Columbia,
2001,,British Columbia,
2001,,British Columbia,
2002,1.0,British Columbia,3.0
2002,2.0,British Columbia,3.0
2002,3.0,British Columbia,5.0
2002,4.0,British Columbia,140.0
2002,5.0,British Columbia,161.0
2002,6.0,British Columbia,245.0
2002,7.0,British Columbia,410.0
2002,8.0,British Columbia,596.0
2002,9.0,British Columbia,108.0
2002,10.0,British Columbia,86.0
2002,11.0,British Columbia,32.0
2002,12.0,British Columbia,6.0
2002,,British Columbia,
2002,,British Columbia,
2003,1.0,British Columbia,5.0
2003,2.0,British Columbia,3.0
2003,3.0,British Columbia,19.0
2003,4.0,British Columbia,99.0
2003,5.0,British Columbia,144.0
2003,6.0,British Columbia,272.0
2003,7.0,British Columbia,562.0
2003,8.0,British Columbia,1132.0
2003,9.0,British Columbia,198.0
2003,10.0,British Columbia,40.0
2003,11.0,British Columbia,16.0
2003,12.0,British Columbia,
2003,,British Columbia,
2003,,British Columbia,
2004,1.0,British Columbia,
2004,2.0,British Columbia,2.0
2004,3.0,British Columbia,43.0
2004,4.0,British Columbia,178.0
2004,5.0,British Columbia,132.0
2004,6.0,British Columbia,637.0
2004,7.0,British Columbia,630.0
2004,8.0,British Columbia,719.0
2004,9.0,British Columbia,38.0
2004,10.0,British Columbia,36.0
2004,11.0,British Columbia,2.0
2004,12.0,British Columbia,1.0
2004,,British Columbia,
2004,,British Columbia,
2005,1.0,British Columbia,2.0
2005,2.0,British Columbia,9.0
2005,3.0,British Columbia,15.0
2005,4.0,British Columbia,116.0
2005,5.0,British Columbia,275.0
2005,6.0,British Columbia,90.0
2005,7.0,British Columbia,146.0
2005,8.0,British Columbia,254.0
2005,9.0,British Columbia,84.0
2005,10.0,British Columbia,8.0
2005,11.0,British Columbia,7.0
2005,12.0,British Columbia,
2005,,British Columbia,
2005,,British Columbia,
2006,1.0,British Columbia,3.0
2006,2.0,British Columbia,3.0
2006,3.0,British Columbia,9.0
2006,4.0,British Columbia,176.0
2006,5.0,British Columbia,203.0
2006,6.0,British Columbia,233.0
2006,7.0,British Columbia,1086.0
2006,8.0,British Columbia,507.0
2006,9.0,British Columbia,285.0
2006,10.0,British Columbia,80.0
2006,11.0,British Columbia,2.0
2006,12.0,British Columbia,
2006,,British Columbia,
2006,,British Columbia,
2007,1.0,British Columbia,2.0
2007,2.0,British Columbia,2.0
2007,3.0,British Columbia,17.0
2007,4.0,British Columbia,76.0
2007,5.0,British Columbia,159.0
2007,6.0,British Columbia,109.0
2007,7.0,British Columbia,624.0
2007,8.0,British Columbia,518.0
2007,9.0,British Columbia,111.0
2007,10.0,British Columbia,18.0
2007,11.0,British Columbia,4.0
2007,12.0,British Columbia,1.0
2007,,British Columbia,
2007,,British Columbia,
2008,1.0,British Columbia,1.0
2008,2.0,British Columbia,2.0
2008,3.0,British Columbia,13.0
2008,4.0,British Columbia,117.0
2008,5.0,British Columbia,161.0
2008,6.0,British Columbia,170.0
2008,7.0,British Columbia,596.0
2008,8.0,British Columbia,780.0
2008,9.0,British Columbia,122.0
2008,10.0,British Columbia,66.0
2008,11.0,British Columbia,7.0
2008,12.0,British Columbia,3.0
2008,,British Columbia,20.0
2008,,British Columbia,
2009,1.0,British Columbia,8.0
2009,2.0,British Columbia,7.0
2009,3.0,British Columbia,19.0
2009,4.0,British Columbia,165.0
2009,5.0,British Columbia,197.0
2009,6.0,British Columbia,459.0
2009,7.0,British Columbia,1191.0
2009,8.0,British Columbia,632.0
2009,9.0,British Columbia,337.0
2009,10.0,British Columbia,49.0
2009,11.0,British Columbia,5.0
2009,12.0,British Columbia,2.0
2009,,British Columbia,30.0
2009,,British Columbia,
2010,1.0,British Columbia,2.0
2010,2.0,British Columbia,2.0
2010,3.0,British Columbia,30.0
2010,4.0,British Columbia,135.0
2010,5.0,British Columbia,91.0
2010,6.0,British Columbia,132.0
2010,7.0,British Columbia,826.0
2010,8.0,British Columbia,392.0
2010,9.0,British Columbia,52.0
2010,10.0,British Columbia,54.0
2010,11.0,British Columbia,11.0
2010,12.0,British Columbia,4.0
2010,,British Columbia,
2010,,British Columbia,
2011,1.0,British Columbia,2.0
2011,2.0,British Columbia,2.0
2011,3.0,British Columbia,9.0
2011,4.0,British Columbia,48.0
2011,5.0,British Columbia,67.0
2011,6.0,British Columbia,68.0
2011,7.0,British Columbia,115.0
2011,8.0,British Columbia,223.0
2011,9.0,British Columbia,107.0
2011,10.0,British Columbia,37.0
2011,11.0,British Columbia,6.0
2011,12.0,British Columbia,
2011,,British Columbia,
2011,,British Columbia,
2012,1.0,British Columbia,2.0
2012,2.0,British Columbia,2.0
2012,3.0,British Columbia,6.0
2012,4.0,British Columbia,74.0
2012,5.0,British Columbia,168.0
2012,6.0,British Columbia,57.0
2012,7.0,British Columbia,417.0
2012,8.0,British Columbia,642.0
2012,9.0,British Columbia,205.0
2012,10.0,British Columbia,83.0
2012,11.0,British Columbia,2.0
2012,12.0,British Columbia,1.0
2012,,British Columbia,
2012,,British Columbia,
2013,1.0,British Columbia,1.0
2013,2.0,British Columbia,
2013,3.0,British Columbia,21.0
2013,4.0,British Columbia,85.0
2013,5.0,British Columbia,128.0
2013,6.0,British Columbia,101.0
2013,7.0,British Columbia,367.0
2013,8.0,British Columbia,999.0
2013,9.0,British Columbia,131.0
2013,10.0,British Columbia,43.0
2013,11.0,British Columbia,1.0
2013,12.0,British Columbia,2.0
2013,,British Columbia,
2013,,British Columbia,
2014,1.0,British Columbia,1.0
2014,2.0,British Columbia,4.0
2014,3.0,British Columbia,10.0
2014,4.0,British Columbia,107.0
2014,5.0,British Columbia,105.0
2014,6.0,British Columbia,132.0
2014,7.0,British Columbia,485.0
2014,8.0,British Columbia,502.0
2014,9.0,British Columbia,90.0
2014,10.0,British Columbia,40.0
2014,11.0,British Columbia,
2014,12.0,British Columbia,2.0
2014,,British Columbia,
2014,,British Columbia,
2015,1.0,British Columbia,
2015,2.0,British Columbia,2.0
2015,3.0,British Columbia,31.0
2015,4.0,British Columbia,82.0
2015,5.0,British Columbia,309.0
2015,6.0,British Columbia,443.0
2015,7.0,British Columbia,538.0
2015,8.0,British Columbia,404.0
2015,9.0,British Columbia,31.0
2015,10.0,British Columbia,27.0
2015,11.0,British Columbia,3.0
2015,12.0,British Columbia,1.0
2015,,British Columbia,
2015,,British Columbia,
2016,1.0,British Columbia,3.0
2016,2.0,British Columbia,7.0
2016,3.0,British Columbia,27.0
2016,4.0,British Columbia,158.0
2016,5.0,British Columbia,127.0
2016,6.0,British Columbia,164.0
2016,7.0,British Columbia,206.0
2016,8.0,British Columbia,325.0
2016,9.0,British Columbia,43.0
2016,10.0,British Columbia,12.0
2016,11.0,British Columbia,3.0
2016,12.0,British Columbia,
2016,,British Columbia,
2016,,British Columbia,
2017,1.0,British Columbia,1.0
2017,2.0,British Columbia,2.0
2017,3.0,British Columbia,10.0
2017,4.0,British Columbia,40.0
2017,5.0,British Columbia,91.0
2017,6.0,British Columbia,145.0
2017,7.0,British Columbia,622.0
2017,8.0,British Columbia,306.0
2017,9.0,British Columbia,115.0
2017,10.0,British Columbia,64.0
2017,11.0,British Columbia,4.0
2017,12.0,British Columbia,
2017,,British Columbia,
2017,,British Columbia,
2018,1.0,British Columbia,1.0
2018,2.0,British Columbia,
2018,3.0,British Columbia,14.0
2018,4.0,British Columbia,51.0
2018,5.0,British Columbia,178.0
2018,6.0,British Columbia,327.0
2018,7.0,British Columbia,684.0
2018,8.0,British Columbia,766.0
2018,9.0,British Columbia,52.0
2018,10.0,British Columbia,45.0
2018,11.0,British Columbia,2.0
2018,12.0,British Columbia,2.0
2018,,British Columbia,1.0
2018,,British Columbia,
2019,1.0,British Columbia,
2019,2.0,British Columbia,1.0
2019,3.0,British Columbia,27.0
2019,4.0,British Columbia,87.0
2019,5.0,British Columbia,135.0
2019,6.0,British Columbia,194.0
2019,7.0,British Columbia,155.0
2019,8.0,British Columbia,126.0
2019,9.0,British Columbia,95.0
2019,10.0,British Columbia,16.0
2019,11.0,British Columbia,7.0
2019,12.0,British Columbia,
2019,,British Columbia,
2019,,British Columbia,
2020,1.0,British Columbia,
2020,2.0,British Columbia,
2020,3.0,British Columbia,19.0
2020,4.0,British Columbia,92.0
2020,5.0,British Columbia,66.0
2020,6.0,British Columbia,31.0
2020,7.0,British Columbia,115.0
2020,8.0,British Columbia,283.0
2020,9.0,British Columbia,62.0
2020,10.0,British Columbia,13.0
2020,11.0,British Columbia,2.0
2020,12.0,British Columbia,1.0
2020,,British Columbia,
2020,,British Columbia,
2021,1.0,British Columbia,2.0
2021,2.0,British Columbia,
2021,3.0,British Columbia,21.0
2021,4.0,British Columbia,145.0
2021,5.0,British Columbia,110.0
2021,6.0,British Columbia,255.0
2021,7.0,British Columbia,784.0
2021,8.0,British Columbia,263.0
2021,9.0,British Columbia,53.0
2021,10.0,British Columbia,24.0
2021,11.0,British Columbia,4.0
2021,12.0,British Columbia,2.0
2021,,British Columbia,
2021,,British Columbia,
2022,1.0,British Columbia,
2022,2.0,British Columbia,2.0
2022,3.0,British Columbia,14.0
2022,4.0,British Columbia,81.0
2022,5.0,British Columbia,57.0
2022,6.0,British Columbia,73.0
2022,7.0,British Columbia,279.0
2022,8.0,British Columbia,935.0
2022,9.0,British Columbia,192.0
2022,10.0,British Columbia,169.0
2022,11.0,British Columbia,15.0
2022,12.0,British Columbia,1.0
2022,,British Columbia,
2022,,British Columbia,
2023,1.0,British Columbia,
2023,2.0,British Columbia,
2023,3.0,British Columbia,
2023,4.0,British Columbia,
2023,5.0,British Columbia,
2023,6.0,British Columbia,
2023,7.0,British Columbia,
2023,8.0,British Columbia,
2023,9.0,British Columbia,
2023,10.0,British Columbia,
2023,11.0,British Columbia,
2023,12.0,British Columbia,
2023,,British Columbia,
2023,,British Columbia,2269.0
