;;;Year;Year;Year;Year;Year;Year;Year;Year;Year;Year;Year;Year;Year;Year;Year;Year;Year;Year;Year;Year;Year;Year;Year;Year;Year;Year;Year;Year;Year;Year;Year;Year;Year;Year
Jurisdiction;Month;Data Qualifier;1990;1991;1992;1993;1994;1995;1996;1997;1998;1999;2000;2001;2002;2003;2004;2005;2006;2007;2008;2009;2010;2011;2012;2013;2014;2015;2016;2017;2018;2019;2020;2021;2022;2023
Alberta;January;a;0;86;12;3;15;1;0;0;;18;5;0;20;216;2;1;5;5;24;1,389;0;0;1;0;11;1;0;1;0;2;0;0;1;
Alberta;February;a;3;1;54;39;;10;;;;;5;0;0;0;5;1;34;0;3;41;1;;0;7;;0;6;90;;0;0;0;13;
Alberta;March;a;7;118;248;577;32;289;1;25;1;4;1,124;51;0;6;77;9;2,707;123;1,781;879;479;0;165;2;1;13;642;15;2;14;0;6,53;51;
Alberta;April;a;25;1,158;1,254;301;868;579;93;117;1,362;1,287;4,92;1,177;367;5,48;4,785;1,338;3,596;843;302;236;657;14,876;125;144;435;2,235;2,709;1,38;117;628;77;1,035;418;
Alberta;May;a;636;3,678;420;6,476;3,46;330,669;522;356;349,906;38,01;2,484;143,749;240,25;29,841;1,25;11,5;5,655;215,359;1,943;2,1;5,125;794,77;122,256;7,215;505;263,45;498,402;27,072;42,831;896,887;515;3,127;1,349;
Alberta;June;a;1,779;89;706;19,789;44,107;6,65;14,164;63;37,77;93,023;7,551;6,102;258,62;1,994;99,888;75,302;97,838;23,384;4,552;61,691;38,531;80,068;232,801;22,154;101,868;553,037;11,353;6,439;13,093;26,566;363;2,418;111,655;
Alberta;July;a;39,003;131;281;159;36,771;1,258;780;399;9,664;52,577;6,765;4,928;1,098;159,615;319,14;4,08;22,558;86,213;12,391;217;41,524;115;282,108;25,094;122,779;22,319;1,726;47,234;10,749;79,691;30;51,964;6,664;
Alberta;August;a;14,891;1,106;495;285;9,749;2,11;22;60;349,697;1,708;2,291;314;108;5,137;6,837;28;3,686;9;1,489;62;189;1,631;13,337;1,092;61,989;1,85;180;30,841;17,545;3;55;835;21,011;
Alberta;September;a;2,316;174;6;7;1,66;370;12;7;64;2,15;77;10,591;7;319;323;9;57;15;133;1,558;57;664;1,27;12;394;880;113;34,987;43;31;2,576;33;14,295;
Alberta;October;a;182;138;80;49;27;42;2;0;311;517;30;73;2;1,733;19;43;173;11;129;3;336;100;20;13;67;79;1;1,701;232;9;1,176;110;2,088;
Alberta;November;a;43;1;5;8;23;1;0;0;1;506;0;2;82;1;0;55;0;32;138;991;50;8;0;2;1;7;22;0;8;0;4;44;2;
Alberta;December;a;0;36;0;0;15;;0;3,897;1;196;0;1;0;4;1;5;1;0;356;203;2;0;;0;0;1;12;9;398;0;2;44;2;
Alberta;Unspecified;a;;;;;;;;;;;;;;;;;;;13,292;25,188;;;;;;;;;;;;;;
Alberta;Unspecified;e;;;;;;;;;;;;;;;;;;;;;;;;;;;;;;;;;;1,951,299
British Columbia;January;a;;0;7;21;3;7;1;;4;;;15;12;9;;0;67;0;0;373;12;0;1;15;0;;1;0;0;;;13;;
British Columbia;February;a;1;1,077;2;243;0;3;4;0;;4;1;1;1;14;1;41;6;0;19;1;4;0;0;;38;7;411;150;;1;;;0;
British Columbia;March;a;123;162;175;146;287;144;31;4;111;92;69;138;9;84;140;314;8;96;32;25;83;17;41;49;53;383;424;19;141;437;88;76;28;
British Columbia;April;a;435;2,603;1,207;187;653;613;223;130;1,168;1,153;822;544;892;536;826;636;1,908;508;787;1,709;1,186;179;582;2,683;654;867;91,172;153;278;550;583;2,016;338;
British Columbia;May;a;3,444;3,84;6,74;911;731;17,251;172;501;1,403;236;390;885;929;2,717;113;28,142;3,723;537;5,795;35,094;2,267;11,25;1,154;1,011;2,268;139,299;288;864;36,556;10,093;87;388;755;
British Columbia;June;a;80;3,412;5,844;1,108;943;28,239;12,767;449;655;1,605;11,708;822;3,735;2,644;178,23;484;37,095;9,628;1,735;3,67;41,695;90;2,785;4,536;37,004;91,355;1,199;4,136;11,543;468;29;360,222;16,906;
British Columbia;July;a;25,046;192;11,631;233;15,226;427;6,324;1,145;47,503;2,644;1,419;5,258;1,677;129,626;32,909;5,765;84,076;12,756;2,375;168,036;280,238;84;41,432;2,61;305,024;31,24;5,164;1,143,805;610,18;2,469;1,254;486,945;20,388;
British Columbia;August;a;11,674;10,126;4,351;632;11,038;85;1,078;340;22,734;3,853;3,015;6,092;648;146,324;7,625;1,028;2,358;5,579;1,743;37,238;10,998;267;55,87;3,576;23,46;17,77;1,741;76,938;701,903;7,358;12,444;16,466;84,351;
British Columbia;September;a;34,856;1,497;378;1,315;790;1,301;26;305;2,774;867;72;301;110;1,372;301;226;9,913;789;367;1,184;162;928;1,143;3,816;333;4;15;3,28;129;70;115;196;7,709;
British Columbia;October;a;123;2,278;117;371;85;9;43;2;401;1,019;302;102;386;15;146;1;270;79;487;171;498;236;210;538;94;32;29;513;200;5;71;45;5,116;
British Columbia;November;a;1;1;0;17;0;2;0;2;8;5;10;15;114;61;2;195;0;16;8;16;36;103;0;0;;0;1;1;0;93;0;2;34;
British Columbia;December;a;;;;;;;0;90;;79;0;;74;;2;;;0;0;0;1;;0;1;0;0;;;6;;0;0;0;
British Columbia;Unspecified;a;;;;;;;;;7;;;;;;;;;;1,953;3;;;;;;;;;0;;;;;
British Columbia;Unspecified;e;;;;;;;;;;;;;;;;;;;;;;;;;;;;;;;;;;2,840,830
Manitoba;January;a;;41;;;;;;;;0;;;;;;;;;;;;;;;;;;;;;;;;
Manitoba;February;a;;1;566;;;;;;;;;;;;;;;;;;;;;;;;;;;;;;;
Manitoba;March;a;;808;0;650;25;;;;;;1,535;;;;;;;;;;;;2,094;;;7;;;;;;238;;
Manitoba;April;a;2,775;22,329;192;1,313;2,696;936;0;101;4,262;18,202;10;0;1,2;3,2;784;3,456;1,839;4,082;2,2;0;4,275;23;3,612;4;236;2,76;1,522;14;5,56;2,846;1,499;6,57;;
Manitoba;May;a;338;61,854;3,461;906;4,105;37,708;2,587;943;246;34,931;11;497;335;;276;133;317;1,073;70,976;1,871;423;174;12,302;9,606;897;2,251;17,915;769;66,75;4,667;41,051;247,999;355;
Manitoba;June;a;401;582;267,155;62,062;890,225;789,658;40,54;7,365;174,509;24,763;;;;;22;3,192;149,289;1,929;27,867;693;3,923;209;9,403;807,139;1,281;51,301;10,348;15,289;31,403;39,959;683;318,111;7,673;
Manitoba;July;a;5,377;41,441;150,467;2,34;352,706;57,394;51,528;18,738;111,673;7,27;;;;;25,105;67,983;2,078;329,559;10,181;110;24,216;48,765;179,475;246,307;19,096;9,83;8,97;54,523;122,111;23,715;5,539;470,719;183,974;
Manitoba;August;a;4,754;23,713;11,849;3;158,772;429;16,851;14,638;42,853;25,228;;;;3;312;453;11,058;75;39,407;19;32,701;32,83;2,983;52,237;17,256;1,443;399;150,69;8,614;118;529;78,755;62;
Manitoba;September;a;52;157;75;1;19,492;123;13,811;11;171;59;;0;;;;0;149;154;1;132;122,237;2,021;1,254;162;442;0;4;2,675;39;33;0;11,571;39;
Manitoba;October;a;2,123;61;9;0;765;2,99;7;3;0;2;60;2;;;;75;130;10;41;46;10;10,764;6,387;;0;1,6;;463;;;1;8,779;5;
Manitoba;November;a;325;;;;0;;;;3;;;;;;;;2,69;;;40;1,475;34,026;;0;;;;;;;;20;;
Manitoba;December;a;0;;;;;;;;;;;;;;;;;;;;;;;;;;;;;;;;;
Manitoba;Unspecified;a;;;;;;;2;0;116,855;;111,699;80,522;95,405;938,176;1,022;;;;4,25;380;;;;;;;;;;;;;;
Manitoba;Unspecified;e;;;;;;;;;;;;;;;;;;;;;;;;;;;;;;;;;;189,913
New Brunswick;March;a;;;;;;;1;;;;1;;;;;;38;4;;;7;;37;0;;;;;;;;10;0;
New Brunswick;April;a;53;218;146;130;97;59;144;71;209;77;53;109;32;51;132;352;362;115;15;93;71;18;234;217;23;5;181;19;31;22;112;166;32;
New Brunswick;May;a;88;216;5,16;294;170;149;90;70;164;351;94;363;191;137;233;38;201;392;65;134;30;11;53;511;65;197;29;4;131;122;982;30;90;
New Brunswick;June;a;6,012;2,994;59;8;24;131;1,519;35;3;927;156;22;19;30;85;23;8;31;11;5;2;6;14;11;10;2;24;3;37;19;55;102;2;
New Brunswick;July;a;26;57;10;324;9;19;4;38;16;51;14;23;24;7;6;57;10;5;38;1;2;2;9;124;4;51;2;59;102;18;7;1;8;
New Brunswick;August;a;11;42;9;15;91;107;199;15;19;13;13;195;48;8;3;27;3;10;1;12;38;0;9;4;4;2;25;26;2;40;146;70;12;
New Brunswick;September;a;29;20;10;5;9;99;50;3;1;29;12;19;2;5;2;5;1;2;12;4;1;;3;;3;6;4;28;7;2;49;2;2;
New Brunswick;October;a;0;12;5;1;422;5;9;33;1;1;149;43;4;1;1;1;1;33;0;1;3;;1;13;3;0;1;429;1;5;8;1;7;
New Brunswick;November;a;;;;;32;0;1;0;0;3;;2;6;;1;0;;1;;5;4;;1;;;;;1;;;32;;23;
New Brunswick;December;a;;;;;;;;;;4;;;;;;;;;;;;;;;;;;;;;;;0;
New Brunswick;Unspecified;e;;;;;;;;;;;;;;;;;;;;;;;;;;;;;;;;;;854
Newfoundland and Labrador;January;a;;;;;;;;;;;;2;;;;;;;;;;;;;;;;;;;;;;
Newfoundland and Labrador;March;a;2;;;;;;;;;2;;;;;;;;;;0;1;;2;;;;;;;5;;0;;
Newfoundland and Labrador;April;a;17;2;3;5;4;9;15;;;20;9;;18;1;;17;28;2;3;77;15;1;16;5;;;;;7;0;10;3;5;
Newfoundland and Labrador;May;a;2,861;221;72;15;51;113;45;61;918;2,88;29;73;20;68;1,198;87;89;70;77;161;1;31;883;28;;1;0;18;71;76;31;178;93;
Newfoundland and Labrador;June;a;356;6,926;1,276;20,554;1,068;48;6,342;8,19;33,105;35,731;14;8;192;397;19;73;34;21;0;12;3;0;485;1;;3,33;;623;12;1;12;94;574;
Newfoundland and Labrador;July;a;20,396;99;386;7;109,046;33;43;30;6,117;399;3;107;190;;10;7;4;0;4;68;3;;2,36;19;;;10,603;39;286;218;3,156;33;22,833;
Newfoundland and Labrador;August;a;967;49,143;65;7,897;106;498;74,823;263;20;2;176;136;12;2;6;3;0;;;;14;387;6;0;;341;134;3;7;13;1,119;28;384;
Newfoundland and Labrador;September;a;5;;10;1;;0;43;0;;6;1;13;1;216;0;1;1;0;14;3;0;5;29;;4;;;2;11;3;5;5;0;
Newfoundland and Labrador;October;a;;;;2;;;0;;;0;1;2;0;1;;;;;2;;;;;23;;;;15;1;0;;;1;
Newfoundland and Labrador;November;a;;;;;;;;;;;;;;0;;;;;;;2;;;;;;;0;;;0;1;0;
Newfoundland and Labrador;December;a;;;;;;;;;;;;0;;;;;;;;;;;;;;;;;;;0;;;
Newfoundland and Labrador;Unspecified;a;;;;;;;;;;;103,304;625;14,476;27,027;924;18,061;3,309;11,258;29;16,351;957;1;25,503;30,068;8,832;;;;;;;;;
Newfoundland and Labrador;Unspecified;e;;;;;;;;;;;;;;;;;;;;;;;;;;;;;;;;;;21,913
Northwest Territories;January;a;;;;;0;;;;;;;;;;;;;;;1;;;;;;;;;;;;;;
Northwest Territories;February;a;;;;;0;;;;;;;;;;;;;;;1,5;;;;;;;;;;;;;;
Northwest Territories;April;a;;;;;1;200;2;;;3,358;;;;;;;;;;20;;;;;1;;;;;1;;;;
Northwest Territories;May;a;55;8;33;7,421;27,941;69,032;2,014;0;14,036;7,802;4;;0;8;3;2,99;0;89,542;5;402;7;25;23,834;1,035;74,298;277,363;8;2,759;6,198;3,484;0;0;1;
Northwest Territories;June;a;3,838;14,136;9,548;98,078;1,057,680;2,491,438;281,702;5,539;306,511;412,387;61,75;36,086;6,485;8,382;42,926;5,7;4,71;181,029;102,178;484;172,406;239,016;120,15;449,003;2,183,180;394,77;108,583;106,137;3,232;6,054;19,696;36,671;316,273;
Northwest Territories;July;a;100,678;133,586;21,961;758,72;1,732,459;28,777;86,437;120,774;1,077,846;109,824;99,865;66,828;19,232;117,71;450,659;209,403;47,653;172,368;177,236;1,546;177,33;87,13;138,525;73,233;1,029,658;26,182;142,765;823,763;8,168;94,783;1,227;153,543;202,716;
Northwest Territories;August;a;46;77,736;5,201;66;203,214;253,904;1,391;205;60,567;18,643;16,218;13,847;1,373;1,572;15,479;37;8,914;2,191;29,37;24;1,114;3,49;21,305;31,788;134,177;20,445;4,168;98,922;4,557;845;216;7,275;82,108;
Northwest Territories;September;a;1;1;206;2;6,013;15;;13;1;9,021;;1;;150;8,282;2;121;;;0;70;24;722;1;;;;1,496;21;;;;2,918;
Northwest Territories;October;a;;;;;7;0;;;;;;;;;7;0;0;;;;;;;;;;;;;0;;;15;
Northwest Territories;November;a;;;;;0;0;;;;;;;;;1;;;;;;;;;;;3,347;;;0;0;;;1;
Northwest Territories;December;a;;;;0;1;;;;;;;;;;;;;;;;;;;;;;;;;;;;0;
Northwest Territories;Unspecified;a;;;;;;;;;;;;;;;;;;;;6,359;;;;;;;;;;;;63;;
Northwest Territories;Unspecified;e;;;;;;;;;;;;;;;;;;;;;;;;;;;;;;;;;;4,163,438
Nova Scotia;January;a;;;;;;;;;;;;;;;;;0;;;;;;;;;;;;;;;;;
Nova Scotia;March;a;104;134;;;0;62;324;2;22;77;3;0;4;0;;12;1,562;60;7;;253;18;82;2;0;;2;;23;25;5;3;;
Nova Scotia;April;a;65;285;93;177;72;81;155;56;155;1,366;7;71;40;190;27;433;414;319;279;857;137;124;227;145;136;0;269;572;99;18;89;49;31;
Nova Scotia;May;a;263;465;425;152;19;205;95;337;108;74;236;160;124;1,029;181;9;66;287;71;24;37;4;26;158;384;533;59;1;30;47;531;119;3,284;
Nova Scotia;June;a;574;242;615;8;10;31;60;10;23;150;210;5;15;7;23;21;;5;2,335;;5;0;4;0;13;1;26;0;33;16;15;26;40;
Nova Scotia;July;a;27;647;10;3;15;4;0;100;12;53;2;17;6;20;1;1;;18;6;1;;2;19;1;27;12;16;0;5;2;2;0;6;
Nova Scotia;August;a;29;3;9;14;11;14;3;15;40;2;4;190;21;3;1;15;4;;;;;0;5;1;2;1;429;;3;28;51;0;2;
Nova Scotia;September;a;5;;2;13;8;7;1;2;0;1;3;21;3;3;1;4;;;;1;;3;2;0;3;3;5;;6;1;0;0;12;
Nova Scotia;October;a;2;0;5;0;22;1;1;43;36;2;24;63;;4;55;;;2;1;;;;;;0;;0;;;0;3;;8;
Nova Scotia;November;a;0;;;;87;0;;;;98;0;2;0;;0;;;;1;;6;;;;;;;;;;;;;
Nova Scotia;Unspecified;a;;;;;;;;;;;;;;;;;;;0;33;;;;;;;;;;;;;;
Nova Scotia;Unspecified;e;;;;;;;;;;;;;;;;;;;;;;;;;;;;;;;;;;25,093
Ontario;January;a;;;;;;;;;;;;1;;69;;;0;;;1;;;0;;;;;;;;;;;
Ontario;February;a;;;;;;;;;;1;0;;;29;;;;0;;;;;;;;;;0;;;;;;
Ontario;March;a;188;19;1;532;1;310;6;;731;33;99;2;6;92;;;100;3;;;569;;56;;0;117;79;242;2;1;4;92;1;
Ontario;April;a;684;1,085;121;352;667;560;29;239;27,66;73,825;604;380;53;412;1,286;197;170;247;53;66;329;27;296;45;126;374;33;26;144;98;37;682;9;
Ontario;May;a;5,915;123,712;3,872;7,675;910;56,939;1,038;5,005;24,542;218,563;247;2,536;1,928;956;32;1,472;552;33,394;49;173;10,97;1,444;48,578;413;275;2,482;81,166;29;4,043;3,99;297;176,41;2,429;
Ontario;June;a;2,119;37,068;171,294;95,769;78,312;332,497;424,614;20,649;34,159;14,236;452;3,055;52,621;308,521;57;14,071;11,462;2,518;281;20,402;1,456;160,162;4,201;23,874;3,153;33,902;323;20,646;77,069;256,939;2,276;313,089;18;
Ontario;July;a;131,454;74,603;91;72;3,518;33,676;20,414;12,247;69,19;298;4,673;4,299;125,648;4,481;93;11,03;20,589;4,1;26;14;1,261;469,316;96,517;26,634;1,945;2,46;1,37;73,383;166,056;8,539;3,977;291,556;25;
Ontario;August;a;41,512;82,191;606;237;116;188,432;2,596;414;1,678;21,242;64;499;1,424;4,372;132;15,461;56;370;900;3;206;3,436;214;101;191;79;170;17,507;18,207;155;8,89;2,736;94;
Ontario;September;a;60;46;4;3;5;52;114;36;89;128;20;87;113;75;94;107;61,103;17;4;32;2;1,311;3,18;23;381;3,318;5;604;176;3;2;3;4;
Ontario;October;a;22;21;5;3;68;96;190;29;109;0;511;4;1;7;23;13;8;3;4;2;43;278;2;1;301;2;3,032;493;;0;1;0;2;
Ontario;November;a;1,661;67;;10;8;1;;0;15;1;90;2;0;63;;0;4;0;0;;0;1;0;;;;31;;;;;;45;
Ontario;December;a;;0;;12;;;;;0;;;;;39;;;;;;;;0;;;;0;;;0;;;;;
Ontario;Unspecified;a;;;;;;;0;0;;;20;;450;;;;0;25;100;1;;0;;;;;;;;;;;;
Ontario;Unspecified;e;;;;;;;;;;;;;;;;;;;;;;;;;;;;;;;;;;441,474
Parks Canada;Unspecified;e;;;;;;;;;;;;;;;;;;;;;;;;;;;;;;;;;;1,014,742
Prince Edward Island;January;a;;;;;;;;;;;;;;;;;;;;;;;;;;;;;;;;;;
Prince Edward Island;February;a;;;;;;;;;;;;;;;;;;0;;;;;;;;;;;;;;;;
Prince Edward Island;March;a;;11;;;;;;;;1;;;;;;;3;;;;;;;;;;;;;;;;;
Prince Edward Island;April;a;36;62;24;;11;;;1;8;2;;;1;5;;42;8;1;;1;;3;1;8;;;32;;;;;;;
Prince Edward Island;May;a;50;36;16;82;1;12;;66;57;43;;17;129;6;14;;34;18;;2;5;2;4;67;1;;1;;;;;;;
Prince Edward Island;June;a;11;8;1;2;1;14;;36;7;4;;4;;;1;;4;;1;;;;1;1;1;;;;;;;;;
Prince Edward Island;July;a;5;1;;;1;2;;4;1;19;;2;2;;;;;;3;;;;5;1;;;;;;;;;;
Prince Edward Island;August;a;;1;;;2;5;;;2;;;3;;;;1;;;;;;;1;4;;;;;;;;;;
Prince Edward Island;September;a;;;;3;3;3;;;;7;;;;1;;;;;;;;1;;;1;;;;;;;;;
Prince Edward Island;October;a;;;2;;1;;;;1;1;;3;;;;;;;;;;;;;;;;;;;;;;
Prince Edward Island;November;a;;;;;2;;;;;;;;;;;6;2;;1;;;;;;;;;;;;;;;
Prince Edward Island;December;a;;;;;;;;;;;;;;;;1;;;;;;;;;;;;;;;;;;
Prince Edward Island;Unspecified;a;;;;;;;;;1;;;;;;;;;;;;;;;;;3;;7;;;;;;
Prince Edward Island;Unspecified;e;;;;;;;;;;;;;;;;;;;;;;;;;;;;;;;;;;8
Quebec;February;a;;;;;;;;;;;;;0;;;;;;;;;;;;;;;0;;;;;;
Quebec;March;a;;;;;;7;;;;;;;;;;;0;;;0;11;;10;;;;0;;;;;;;
Quebec;April;a;57;94;35;26;66;84;4;27;138;190;79;155;37;44;36;115;65;37;59;103;91;4;102;31;33;743;35;11;13;0;49;249;28;
Quebec;May;a;5,705;1,416;5,559;226;1,062;364;385;38;27,627;8,657;183;5,124;457;8,064;72;576,57;24,972;83,739;46;186;206,977;813;49,481;171;17,594;214;645;313;210;32;525;1,804;252;
Quebec;June;a;2,917;394,185;6,759;124,308;114,686;451,241;438,669;385,457;277,909;87,918;106;7,769;140,534;46,096;493;74,759;102,037;258,704;1,168;91,587;107,651;6,882;13,071;1,517,967;32,68;2,681;3,981;37,009;63,535;5,021;51,692;10,665;29,283;
Quebec;July;a;51,866;9,733;1,23;621;68;47,192;192,047;7,419;112,255;244;38,314;19,323;872,552;1,858;2,309;146,333;9,226;50;139;2,042;90;4,249;1,338;354,653;12,757;1,878;29,032;930;22,521;4,584;7,339;36,797;77;
Quebec;August;a;22,719;32,89;13,518;3,05;5;228,798;60,464;64;218;295;482;685;50;32,15;116;827;7;120;66;6;79;136;26;9;796;600;234;121;31;55;383;179;7;
Quebec;September;a;39;10;10;0;25;22;14;0;9;442;13;5;120;30;20;1,536;12;34;0;45;8;31;10;6;11;35;2;32;5;2;4;3;6;
Quebec;October;a;40;4;0;2;122;16;6;74;150;;8;32;;5;13;1;34;30;2;;1;281;6;5;23;0;4;30;1;1;0;9;11;
Quebec;November;a;;1;0;2;7;3;0;;1;0;23;;;;;0;;2;2;3;7;3;1;;9;7;;;;;8;2;51;
Quebec;December;a;;;;;;;;;;;;;;;;;;;;;;;;;;;0;;;;;;0;
Quebec;Unspecified;a;;;;;;;;;;;;;;;;;;;115;29;;;;;;;;;;;;;;
Quebec;Unspecified;e;;;;;;;;;;;;;;;;;;;;;;;;;;;;;;;;;;4,322,888
Saskatchewan;January;a;;0;;0;0;;0;;;;0;1;1;;;;11,974;;36;0;98;;;;;;;;;;;;;
Saskatchewan;February;a;;;;0;;;0;;;;;0;0;;20;;57,922;;;;;;;;;;;;;;;;;
Saskatchewan;March;a;0;1;2;1,01;0;;;;;1;13;0;1;;30;;273,638;;;;4;;65;;;0;;0;;;0;55;0;
Saskatchewan;April;a;125;4,438;664;6,353;219;85;9;70;5,32;803;1,475;23,908;663;665;325;568;88,64;400;1,045;399;1,962;107;1,521;4,74;2;2,182;2,627;14;485;298;93;1,449;8;
Saskatchewan;May;a;689;883;5,249;352,914;1,74;1,125,859;526;1,345;207,489;24,795;2,232;12,985;156,667;10,332;316;3,864;1,726;8,769;13,014;5,341;16,587;26,007;101,511;17,557;17,656;293,204;4,641;1,005;101,329;1,096;41,953;9,123;507;
Saskatchewan;June;a;17,43;714;48,405;179,581;585,283;518,604;5,253;569;169,808;17,384;74,53;146,381;689,217;22,177;6,55;40,424;405,621;126,234;773,256;31,393;1,341,502;272,115;4,904;19,284;112,073;1,326,902;228,398;6;56,328;1,822;794;147,92;121,759;
Saskatchewan;July;a;36,263;43,178;26,474;68,321;175,084;4,13;6,884;1,197;203,642;134,075;57,317;7,519;35,931;41,837;246,201;168,589;36,154;76,049;314,687;465;338,652;18,288;117,399;277,751;119,892;132,678;19,85;39,555;2,937;44,928;9;765,466;109,427;
Saskatchewan;August;a;161,417;148,441;16,697;3;64,365;100;312;686;458,016;3,716;5,762;11,587;108;49,249;4,634;1,14;320,23;1,472;27,878;10;36,532;33;3,333;48,43;95,322;2,267;137;358,419;31,46;8;43;13,933;31,914;
Saskatchewan;September;a;79;24;37;16;19,313;11;1;9;397;0;25;1,094;28;1,293;53;81;12,482;4;40;25;;27,429;207;1,997;263;112;138;513;10;0;59;17,694;1,766;
Saskatchewan;October;a;52;493;229;0;14;1;1;0;25;14;69;1,659;40;537;7;253;4;144;290;;0;108;16;0;0;11,683;;285;183;0;1;638;234;
Saskatchewan;November;a;;3;0;0;;19;;;;32;;;;;3;;38;;;0;;0;0;;;0;;;;0;1;125;;
Saskatchewan;December;a;;0;;;;0;;;1;;;;;;;;6;;;;;;;;;;;;;0;;0;;
Saskatchewan;Unspecified;a;;;;;;;;;;;0;;1;;;;;;76;6,175;;;;;;;;;;;;;;
Saskatchewan;Unspecified;e;;;;;;;;;;;;;;;;;;;;;;;;;;;;;;;;;;1,850,829
Yukon;January;a;;;;;;;;;;;;;;;;;;;;;0;;;;;;;;;;;;;
Yukon;March;a;;;;;;2;0;;;;;;;;;;;;;;;;;;;;;;;;;;;
Yukon;April;a;0;6;;0;0;318;0;;6;0;;0;;1;;0;1;1;;;;0;;;0;;0;1;2,3;0;;0;;
Yukon;May;a;4,106;106;9;17;4;1,097;8;81;66,483;3,125;4;5;21;12;8;26;2;13,987;5;43,847;61,654;33,238;48;23;1;71,52;273;2,887;168;135,237;11;0;;
Yukon;June;a;145;110,311;32,568;36,331;74,563;252,763;64,998;12;2,416;170,131;7,635;16,657;32,984;20,286;1,485,372;176,742;42,993;11,981;12,649;19,662;63,101;2,511;51,881;178,187;3,117;98,321;21,232;251,053;16,782;64,18;3,403;7,164;;
Yukon;July;a;177,62;9,63;5,163;17,76;254,868;7,199;25,361;11,369;261,646;8,901;10;559;3,198;27,772;220,116;10,67;51,467;11,473;195;162,593;21,12;4,598;4,463;16,681;42;1;21;139,183;54,7;56,49;50;6,945;;
Yukon;August;a;932;218;76;60,954;92,276;0;700;2;13,123;12,659;;113;0;98;14,129;0;571;625;110;3,795;964;3;1,89;3,423;1;0;11;6,156;6,635;34;0;366;;
Yukon;September;a;89;;;43;0;1;0;4;1;0;;;;0;38;0;0;;0;;;114;0;0;;;0;;0;125;0;;;
Yukon;October;a;1;;;0;;;;1;;;;;;;0;;0;292;0;;123;;;;;;;;;;;;;
Yukon;November;a;;;;;;0;;;;;;;;616;;;;;;;;;;;;;;;;;;;;
Yukon;December;a;;;;;;;;;;;;;;;;;;;109;615;;;;;;;;;;;;;;
Yukon;Unspecified;a;;;;;;503;;;59;;367;;;;;;;;;;;;;;;;;;;;;;170,367;
Yukon;Unspecified;e;;;;;;;;;;;;;;;;;;;;;;;;;;;;;;;;;;373,92
