time,temperature_2m_mean (°C),temperature_2m_max (°C),relative_humidity_2m_mean (%),relative_humidity_2m_min (%),precipitation_sum (mm),precipitation_hours (h),wind_speed_10m_mean (km/h),wind_speed_10m_max (km/h),wind_direction_10m_dominant (°),et0_fao_evapotranspiration (mm),Year,Month
1990-01-01,-5.403225806451613,-1.0225806451612904,81.48387096774194,72.86021505376344,3.9827956989247313,5.204301075268818,20.813978494623658,30.38279569892473,225.247311827957,0.45688172043010755,1990,1
1990-02-01,-8.914285714285715,-4.6309523809523805,76.58333333333334,66.0,2.9785714285714286,4.583333333333334,19.464285714285715,29.310714285714283,225.29761904761904,0.5761904761904761,1990,2
1990-03-01,-3.9021505376344088,-0.28602150537634397,75.69892473118279,64.59139784946237,1.4569892473118282,2.365591397849462,17.778494623655913,25.9,221.4516129032258,1.131720430107527,1990,3
1990-04-01,2.661111111111111,5.811111111111111,79.47777777777779,67.32222222222222,3.7877777777777775,5.366666666666666,19.333333333333332,26.587777777777777,168.97777777777776,1.6084444444444446,1990,4
1990-05-01,6.386021505376344,9.36774193548387,80.45161290322581,68.03225806451613,5.681720430107527,6.096774193548387,19.850537634408603,27.440860215053764,153.41935483870967,2.136451612903226,1990,5
1990-06-01,14.476666666666667,17.87777777777778,78.9,65.1888888888889,1.0322222222222222,1.6555555555555554,18.243333333333332,24.67777777777778,193.9888888888889,3.509333333333333,1990,6
1990-07-01,18.546236559139782,21.48494623655914,77.65591397849462,63.39784946236559,1.4010752688172043,1.924731182795699,14.408602150537634,20.458064516129035,202.96774193548387,3.897311827956989,1990,7
1990-08-01,19.87741935483871,22.85268817204301,78.87096774193549,64.98924731182795,3.9000000000000004,2.7419354838709675,16.024731182795698,21.555913978494623,218.48387096774192,3.6658064516129034,1990,8
1990-09-01,14.895555555555555,17.544444444444444,74.83333333333333,62.03333333333333,3.0655555555555556,2.9777777777777774,16.891111111111112,23.925555555555555,203.66666666666666,2.587111111111111,1990,9
1990-10-01,10.96989247311828,13.646236559139783,74.79569892473118,64.31182795698925,3.643010752688172,4.451612903225806,22.174193548387095,31.029032258064515,185.82795698924733,1.693978494623656,1990,10
1990-11-01,2.858888888888889,5.432222222222222,78.4,69.48888888888888,3.657777777777778,4.488888888888889,23.28111111111111,31.24888888888889,220.04444444444442,0.8593333333333334,1990,11
1990-12-01,-1.349462365591398,2.38494623655914,77.64516129032258,66.80645161290323,6.574193548387097,6.53763440860215,22.135483870967743,32.152688172043014,236.74193548387098,0.5775268817204301,1990,12
1991-01-01,-9.625806451612904,-5.225806451612903,75.9247311827957,66.04301075268818,2.4505376344086023,3.752688172043011,20.16774193548387,28.768817204301076,234.78494623655914,0.44129032258064516,1991,1
1991-02-01,-6.526190476190476,-2.2869047619047618,79.32142857142857,69.07142857142857,1.1416666666666668,2.5952380952380953,17.83809523809524,26.00357142857143,210.82142857142858,0.6473809523809523,1991,2
1991-03-01,-1.7322580645161292,1.6634408602150539,81.38709677419355,70.48387096774194,3.367741935483871,5.516129032258065,21.083870967741937,29.28817204301075,178.51612903225808,0.966989247311828,1991,3
1991-04-01,1.2633333333333332,4.647777777777778,80.23333333333333,68.87777777777778,2.126666666666667,3.5,15.596666666666666,22.405555555555555,197.45555555555558,1.6997777777777778,1991,4
1991-05-01,7.7075268817204305,11.326881720430107,74.43010752688173,61.55913978494623,2.275268817204301,2.8279569892473115,18.434408602150537,25.733333333333334,200.72043010752688,2.7293548387096775,1991,5
1991-06-01,13.540000000000001,16.634444444444444,73.34444444444445,61.56666666666667,1.051111111111111,2.011111111111111,17.363333333333333,24.105555555555554,211.42222222222225,3.8257777777777777,1991,6
1991-07-01,18.10537634408602,21.316129032258065,73.83870967741936,58.44086021505377,1.7053763440860215,2.3870967741935485,14.80215053763441,21.610752688172045,238.0752688172043,4.149677419354839,1991,7
1991-08-01,18.562365591397846,21.370967741935484,78.30107526881721,66.7741935483871,4.361290322580645,4.010752688172043,18.023655913978494,25.768817204301076,209.5268817204301,3.4305376344086023,1991,8
1991-09-01,14.406666666666666,16.84777777777778,76.9,66.0,5.62,6.966666666666667,18.77888888888889,27.814444444444447,249.0,2.3325555555555555,1991,9
1991-10-01,10.80752688172043,13.036559139784947,76.66666666666666,66.25806451612904,3.465591397849462,4.666666666666666,21.726881720430107,28.848387096774196,181.41935483870967,1.6161290322580646,1991,10
1991-11-01,4.4366666666666665,6.3,79.04444444444445,70.27777777777779,2.606666666666667,4.122222222222222,18.65111111111111,26.02111111111111,219.9888888888889,0.7937777777777778,1991,11
1991-12-01,-3.852688172043011,-0.7666666666666667,76.82795698924731,67.26881720430109,2.7989247311827956,5.086021505376344,21.197849462365593,30.63225806451613,254.46236559139783,0.5372043010752688,1991,12
1992-01-01,-7.626881720430108,-4.3892473118279565,74.49462365591398,64.45161290322581,1.9903225806451614,3.2688172043010755,21.69677419354839,29.662365591397847,246.19354838709677,0.4719354838709678,1992,1
1992-02-01,-8.266666666666666,-4.293103448275862,81.26436781609195,71.86206896551724,5.07816091954023,6.839080459770115,21.77701149425287,31.743678160919536,218.32183908045977,0.5213793103448275,1992,2
1992-03-01,-6.095698924731183,-2.503225806451613,76.29032258064517,65.09677419354838,2.023655913978495,2.8817204301075265,20.353763440860217,27.77311827956989,220.2258064516129,0.9327956989247312,1992,3
1992-04-01,0.36777777777777776,3.405555555555556,77.74444444444445,65.88888888888889,1.5044444444444445,3.1777777777777776,18.875555555555554,26.336666666666666,161.23333333333332,1.6305555555555555,1992,4
1992-05-01,7.347311827956989,11.38494623655914,74.76344086021506,59.236559139784944,1.217204301075269,2.301075268817204,16.688172043010756,22.723655913978497,175.0752688172043,2.862688172043011,1992,5
1992-06-01,13.433333333333334,16.82888888888889,78.67777777777778,65.52222222222223,2.2455555555555553,3.9222222222222225,15.12888888888889,22.305555555555554,199.24444444444444,3.2496666666666667,1992,6
1992-07-01,15.76774193548387,18.37741935483871,79.10752688172043,66.86021505376344,2.4591397849462364,2.946236559139785,15.404301075268817,22.116129032258065,224.38709677419354,3.3272043010752688,1992,7
1992-08-01,18.187096774193545,21.023655913978494,79.34408602150538,65.61290322580645,2.2204301075268815,3.2043010752688175,16.270967741935483,22.61935483870968,218.6451612903226,3.280752688172043,1992,8
1992-09-01,15.738888888888887,18.524444444444445,74.58888888888889,62.43333333333333,1.041111111111111,2.0444444444444447,17.616666666666667,24.565555555555555,223.44444444444443,2.629111111111111,1992,9
1992-10-01,9.063440860215055,11.33978494623656,72.08602150537634,59.70967741935484,3.1344086021505375,3.8494623655913975,19.948387096774194,25.931182795698923,244.68817204301075,1.67752688172043,1992,10
1992-11-01,1.66,3.4955555555555553,75.42222222222222,66.86666666666666,2.497777777777778,4.066666666666666,16.92888888888889,24.683333333333334,227.67777777777778,0.7985555555555556,1992,11
1992-12-01,-2.9526881720430107,-0.5634408602150537,79.6774193548387,72.06451612903226,3.4526881720430107,4.645161290322581,21.83225806451613,30.451612903225808,201.80645161290323,0.5334408602150538,1992,12
1993-01-01,-8.627956989247313,-5.0612903225806445,77.13978494623656,67.80645161290323,2.5720430107526884,3.494623655913979,19.148387096774194,27.106451612903225,249.83870967741936,0.42559139784946237,1993,1
1993-02-01,-11.735714285714286,-6.770238095238095,77.30952380952381,67.6547619047619,2.142857142857143,3.25,17.907142857142855,26.64047619047619,210.95238095238096,0.4866666666666667,1993,2
1993-03-01,-5.254838709677419,-1.282795698924731,79.73118279569891,69.94623655913979,3.824731182795699,4.354838709677419,19.81075268817204,27.53978494623656,181.9247311827957,1.017204301075269,1993,3
1993-04-01,1.5155555555555553,4.557777777777777,82.24444444444445,71.18888888888888,2.9555555555555557,4.877777777777778,18.28666666666667,24.355555555555554,153.17777777777778,1.537888888888889,1993,4
1993-05-01,6.827956989247311,9.956989247311828,83.69892473118279,72.0752688172043,3.147311827956989,4.21505376344086,16.7247311827957,24.519354838709678,159.6451612903226,2.0721505376344087,1993,5
1993-06-01,13.035555555555556,16.08888888888889,79.61111111111111,66.32222222222222,2.7222222222222223,4.133333333333334,17.80777777777778,25.44333333333333,208.74444444444444,3.069888888888889,1993,6
1993-07-01,16.067741935483873,18.57204301075269,82.11827956989247,70.98924731182795,2.464516129032258,4.645161290322581,15.455913978494623,21.313978494623658,192.53763440860217,3.196881720430108,1993,7
1993-08-01,18.716129032258067,21.59462365591398,78.40860215053763,64.40860215053763,0.9462365591397849,1.795698924731183,14.549462365591399,20.633333333333333,206.68817204301075,3.52494623655914,1993,8
1993-09-01,15.365555555555554,17.826666666666664,76.34444444444445,63.666666666666664,2.486666666666667,3.4,19.378888888888888,26.662222222222223,205.85555555555555,2.5785555555555555,1993,9
1993-10-01,7.873118279569892,10.859139784946237,69.94623655913979,56.38709677419355,4.1860215053763445,3.774193548387097,21.32688172043011,30.239784946236558,224.3763440860215,1.6866666666666668,1993,10
1993-11-01,2.7455555555555553,5.55,73.41111111111111,60.455555555555556,2.5355555555555553,3.744444444444445,22.1,30.70111111111111,240.85555555555555,0.9761111111111112,1993,11
1993-12-01,-2.224731182795699,0.4096774193548387,79.97849462365592,70.97849462365592,3.779569892473118,4.903225806451613,23.05268817204301,33.715053763440864,161.50537634408605,0.5453763440860215,1993,12
1994-01-01,-11.204301075268816,-5.841935483870968,76.31182795698925,67.89247311827957,2.958064516129032,3.774193548387097,22.363440860215054,31.651612903225804,223.58064516129033,0.40408602150537637,1994,1
1994-02-01,-10.388095238095238,-6.847619047619047,74.39285714285714,63.92857142857143,2.3083333333333336,3.238095238095238,19.810714285714287,28.389285714285712,225.03571428571428,0.5727380952380952,1994,2
1994-03-01,-2.8440860215053765,0.7774193548387098,82.61290322580645,71.73118279569891,5.502150537634408,7.290322580645161,18.468817204301075,26.537634408602152,221.62365591397852,0.9319354838709678,1994,3
1994-04-01,3.402222222222222,7.188888888888889,75.93333333333334,58.86666666666667,3.3477777777777775,4.2444444444444445,19.50111111111111,27.511111111111113,220.85555555555555,1.9796666666666667,1994,4
1994-05-01,6.510752688172043,9.443010752688172,81.34408602150538,69.38709677419355,4.082795698924731,5.086021505376344,19.476344086021506,27.524731182795698,187.1290322580645,2.145806451612903,1994,5
1994-06-01,14.343333333333334,17.83888888888889,79.93333333333334,67.47777777777777,3.52,3.533333333333333,18.77888888888889,26.13,204.12222222222223,3.338777777777778,1994,6
1994-07-01,19.978494623655916,22.787096774193547,78.53763440860214,64.45161290322581,1.3086021505376342,2.172043010752688,17.56989247311828,23.606451612903225,208.8494623655914,3.952903225806452,1994,7
1994-08-01,18.353763440860217,21.13225806451613,74.87096774193549,61.26881720430107,2.053763440860215,2.3440860215053765,17.216129032258067,23.082795698924734,182.13978494623655,3.646344086021505,1994,8
1994-09-01,14.136666666666667,16.262222222222224,77.53333333333333,66.41111111111111,2.6566666666666663,4.133333333333334,15.987777777777778,22.496666666666666,212.97777777777776,2.4003333333333337,1994,9
1994-10-01,9.795698924731184,11.866666666666667,75.33333333333334,64.49462365591397,1.0935483870967742,2.4516129032258065,19.30860215053763,24.23978494623656,229.78494623655914,1.6687096774193548,1994,10
1994-11-01,4.194444444444445,6.725555555555556,71.06666666666666,59.08888888888889,3.4244444444444446,3.7222222222222223,24.547777777777778,33.22222222222222,236.5111111111111,1.2274444444444443,1994,11
1994-12-01,-2.454838709677419,0.011827956989247356,79.17204301075269,71.06451612903226,3.5591397849462365,4.279569892473118,21.39032258064516,29.770967741935483,209.69892473118279,0.5259139784946237,1994,12
1995-01-01,-4.219354838709678,-1.4666666666666668,81.89247311827957,74.52688172043011,3.7344086021505376,6.0,19.716129032258067,27.651612903225807,202.55913978494624,0.43677419354838715,1995,1
1995-02-01,-8.945238095238095,-4.514285714285714,76.33333333333334,65.85714285714286,2.791666666666667,4.023809523809524,21.020238095238092,30.474999999999998,213.48809523809524,0.6005952380952381,1995,2
1995-03-01,-3.6978494623655918,-0.3946236559139785,82.96774193548387,73.50537634408602,1.9569892473118278,4.720430107526882,19.154838709677417,26.030107526881718,188.0752688172043,0.9187096774193548,1995,3
1995-04-01,0.7477777777777778,3.748888888888889,81.97777777777779,70.36666666666666,1.9611111111111112,4.3,16.491111111111113,22.825555555555557,221.34444444444443,1.533777777777778,1995,4
1995-05-01,6.064516129032258,9.011827956989247,82.63440860215053,70.38709677419355,3.212903225806452,3.053763440860215,15.035483870967743,20.96236559139785,123.95698924731182,2.258709677419355,1995,5
1995-06-01,14.703333333333335,18.202222222222222,76.46666666666667,63.35555555555556,3.3644444444444446,3.344444444444444,16.371111111111112,22.46888888888889,208.46666666666667,3.8313333333333333,1995,6
1995-07-01,19.221505376344087,22.002150537634407,80.03225806451613,67.34408602150538,2.875268817204301,3.193548387096774,16.887096774193548,23.446236559139788,214.88172043010752,3.966774193548387,1995,7
1995-08-01,18.26989247311828,21.07741935483871,72.3978494623656,60.17204301075269,1.3935483870967742,2.333333333333333,18.59032258064516,25.603225806451615,219.10752688172042,3.79247311827957,1995,8
1995-09-01,14.017777777777779,16.657777777777778,71.53333333333333,57.52222222222222,1.9522222222222225,1.4888888888888892,17.07222222222222,25.983333333333334,229.04444444444442,2.7933333333333334,1995,9
1995-10-01,11.65268817204301,13.863440860215054,77.65591397849462,67.34408602150538,3.1182795698924735,3.870967741935484,19.213978494623657,26.42043010752688,209.55913978494624,1.5863440860215055,1995,10
1995-11-01,2.9555555555555557,5.422222222222222,72.83333333333333,60.77777777777778,2.9711111111111115,3.788888888888889,20.45888888888889,29.137777777777778,178.0111111111111,1.002888888888889,1995,11
1995-12-01,-3.6139784946236557,-1.4956989247311827,76.50537634408602,68.78494623655915,2.379569892473118,5.419354838709677,22.39032258064516,30.75483870967742,235.63440860215056,0.5334408602150538,1995,12
1996-01-01,-6.706451612903226,-2.8612903225806448,74.29032258064517,65.20430107526882,1.849462365591398,3.9139784946236555,22.438709677419357,32.04516129032258,219.23655913978493,0.5378494623655914,1996,1
1996-02-01,-5.89080459770115,-2.2367816091954027,78.03448275862068,65.64367816091955,3.8643678160919537,6.505747126436781,17.660919540229884,25.42528735632184,217.6206896551724,0.5910344827586207,1996,2
1996-03-01,-3.9451612903225803,-0.7086021505376344,75.3978494623656,63.26881720430107,2.6494623655913982,4.709677419354839,19.946236559139788,28.468817204301075,209.59139784946237,1.141505376344086,1996,3
1996-04-01,2.621111111111111,5.503333333333333,83.1,71.02222222222221,3.143333333333333,5.733333333333333,18.704444444444444,26.72888888888889,181.6888888888889,1.5196666666666667,1996,4
1996-05-01,7.01505376344086,9.845161290322581,76.88172043010753,63.31182795698924,2.3451612903225807,5.666666666666666,17.309677419354838,24.044086021505375,193.25806451612902,2.4229032258064516,1996,5
1996-06-01,14.66111111111111,18.2,76.35555555555555,61.077777777777776,1.6922222222222223,3.4222222222222225,17.095555555555556,23.02777777777778,200.0888888888889,3.822777777777778,1996,6
1996-07-01,17.759139784946235,20.52043010752688,81.38709677419355,67.44086021505376,3.5677419354838706,5.365591397849463,17.872043010752687,24.127956989247313,197.70967741935485,3.344731182795699,1996,7
1996-08-01,19.046236559139782,21.668817204301074,77.52688172043011,64.55913978494624,1.178494623655914,3.1182795698924735,13.413978494623656,19.05268817204301,222.0215053763441,3.5979569892473116,1996,8
1996-09-01,14.93888888888889,16.676666666666666,76.62222222222222,65.4,6.58,6.922222222222222,19.113333333333333,27.19888888888889,177.11111111111111,2.3265555555555557,1996,9
1996-10-01,8.563440860215053,10.587096774193547,74.35483870967742,64.43010752688171,3.287096774193548,4.946236559139785,19.608602150537635,26.561290322580643,211.63440860215056,1.6080645161290323,1996,10
1996-11-01,2.3277777777777775,3.92,74.77777777777779,64.58888888888889,3.35,5.111111111111112,20.516666666666666,27.276666666666664,204.16666666666666,0.956,1996,11
1996-12-01,-0.23870967741935478,2.239784946236559,80.68817204301075,70.41935483870968,3.6043010752688174,6.225806451612903,21.818279569892475,31.082795698924734,199.93548387096774,0.5598924731182795,1996,12
1997-01-01,-6.635483870967741,-2.1591397849462366,73.51612903225806,62.3010752688172,2.545161290322581,4.21505376344086,23.732258064516127,33.84193548387096,239.4301075268817,0.5535483870967742,1997,1
1997-02-01,-8.133333333333333,-3.2154761904761906,79.01190476190477,68.17857142857143,2.5547619047619046,4.928571428571429,17.114285714285714,25.851190476190474,204.55952380952382,0.5438095238095239,1997,2
1997-03-01,-5.689247311827957,-1.8688172043010751,77.34408602150538,65.48387096774194,2.5548387096774197,4.32258064516129,19.503225806451614,28.937634408602147,214.04301075268816,0.9421505376344086,1997,3
1997-04-01,-0.014444444444444452,2.167777777777778,80.28888888888888,69.9,2.53,4.222222222222222,21.017777777777777,28.694444444444446,223.06666666666666,1.4585555555555556,1997,4
1997-05-01,7.006451612903225,10.123655913978494,78.09677419354838,62.54838709677419,3.20752688172043,5.075268817204301,19.766666666666666,28.413978494623656,206.86021505376345,2.3725806451612903,1997,5
1997-06-01,12.620000000000001,15.462222222222222,80.8,67.94444444444444,2.9722222222222223,3.533333333333333,15.323333333333332,22.003333333333334,174.77777777777777,3.0811111111111114,1997,6
1997-07-01,18.33225806451613,21.516129032258064,74.3763440860215,60.182795698924735,1.0032258064516129,1.8387096774193548,17.09247311827957,23.461290322580645,231.70967741935485,4.223010752688172,1997,7
1997-08-01,17.886021505376345,20.121505376344086,76.89247311827957,64.9247311827957,1.1935483870967742,2.4838709677419355,15.272043010752688,21.936559139784944,164.08602150537635,3.282795698924731,1997,8
1997-09-01,14.96,17.32888888888889,76.5,63.488888888888894,2.6655555555555557,3.488888888888889,17.952222222222225,24.332222222222224,200.7,2.4690000000000003,1997,9
1997-10-01,8.23978494623656,10.078494623655914,70.58064516129032,60.31182795698925,1.1010752688172043,1.8494623655913978,18.873118279569894,25.03440860215054,210.5268817204301,1.7133333333333332,1997,10
1997-11-01,2.5900000000000003,4.366666666666666,76.63333333333334,66.1,2.5211111111111113,4.455555555555555,20.36,28.30777777777778,200.52222222222224,0.8544444444444445,1997,11
1997-12-01,-2.890322580645161,-0.6290322580645161,81.23655913978494,73.59139784946237,2.943010752688172,3.978494623655914,20.169892473118278,27.52258064516129,233.73118279569894,0.49053763440860215,1997,12
1998-01-01,-5.278494623655914,-2.0698924731182795,79.18279569892472,71.19354838709677,4.61505376344086,5.333333333333333,22.86774193548387,30.917204301075266,176.3010752688172,0.48559139784946237,1998,1
1998-02-01,-4.897619047619047,-2.1976190476190474,83.91666666666666,76.89285714285714,1.5095238095238095,3.0,16.975,23.807142857142857,188.63095238095238,0.5646428571428571,1998,2
1998-03-01,-1.236559139784946,1.5290322580645161,82.3763440860215,72.52688172043011,3.609677419354839,4.956989247311828,19.526881720430108,28.010752688172044,201.8709677419355,0.9898924731182795,1998,3
1998-04-01,2.6933333333333334,5.1177777777777775,80.68888888888888,67.52222222222223,3.151111111111111,5.7,18.918888888888887,26.50111111111111,189.11111111111111,1.6178888888888887,1998,4
1998-05-01,9.626881720430108,12.994623655913978,81.16129032258064,67.6021505376344,2.5387096774193547,3.4516129032258065,15.433333333333334,22.096774193548388,171.40860215053763,2.6626881720430107,1998,5
1998-06-01,13.865555555555554,16.645555555555557,81.3,69.35555555555555,3.0077777777777777,4.266666666666667,17.926666666666666,23.024444444444445,176.32222222222222,3.1426666666666665,1998,6
1998-07-01,18.951612903225808,22.004301075268817,78.41935483870968,64.84946236559139,3.5204301075268813,3.2903225806451615,16.304301075268818,22.065591397849463,206.13978494623655,4.022795698924731,1998,7
1998-08-01,18.62258064516129,21.31720430107527,76.3763440860215,62.354838709677416,2.92258064516129,2.6881720430107525,16.216129032258063,22.177419354838708,213.66666666666669,3.6355913978494625,1998,8
1998-09-01,14.936666666666667,16.891111111111112,78.01111111111112,66.75555555555556,3.6711111111111108,4.522222222222222,17.19222222222222,25.904444444444444,234.11111111111111,2.3574444444444445,1998,9
1998-10-01,8.968817204301073,10.887096774193548,74.0,63.55913978494623,3.167741935483871,4.569892473118279,22.313978494623658,28.293548387096774,204.26881720430106,1.6586021505376343,1998,10
1998-11-01,2.2788888888888885,4.165555555555556,73.27777777777779,62.93333333333333,2.83,3.4888888888888885,20.40888888888889,27.456666666666667,247.33333333333334,0.9398888888888889,1998,11
1998-12-01,-1.8956989247311828,0.9946236559139785,72.7741935483871,61.84946236559139,2.5376344086021505,2.795698924731183,22.876344086021504,31.773118279569893,229.95698924731184,0.7334408602150538,1998,12
1999-01-01,-6.258064516129032,-2.07741935483871,72.10752688172043,61.763440860215056,2.2774193548387096,3.3440860215053765,22.76774193548387,32.05913978494624,255.61290322580646,0.6102150537634409,1999,1
1999-02-01,-5.261904761904762,-2.2357142857142853,79.51190476190477,70.03571428571429,2.351190476190476,3.892857142857143,20.70952380952381,29.066666666666666,222.02380952380955,0.6207142857142857,1999,2
1999-03-01,0.3903225806451613,3.350537634408602,81.47311827956989,69.52688172043011,4.577419354838709,5.161290322580645,22.0258064516129,32.49569892473118,185.6451612903226,1.146989247311828,1999,3
1999-04-01,1.7011111111111112,3.8677777777777775,81.05555555555556,68.85555555555555,2.756666666666667,5.022222222222222,20.02,28.644444444444446,217.26666666666668,1.5697777777777777,1999,4
1999-05-01,9.749462365591398,13.803225806451612,77.24731182795698,63.12903225806452,1.1612903225806452,1.978494623655914,16.461290322580645,22.751612903225805,182.8709677419355,3.1375268817204303,1999,5
1999-06-01,16.592222222222222,20.266666666666666,71.56666666666666,56.46666666666667,1.0066666666666666,1.1555555555555557,17.15,23.63111111111111,202.0888888888889,4.3325555555555555,1999,6
1999-07-01,19.26774193548387,22.074193548387097,77.58064516129032,64.54838709677419,2.531182795698925,3.8494623655913975,14.88494623655914,20.804301075268818,207.6451612903226,4.09,1999,7
1999-08-01,18.59247311827957,21.051612903225806,77.3763440860215,64.3010752688172,4.855913978494623,4.333333333333334,16.635483870967743,22.976344086021506,210.6451612903226,3.4208602150537635,1999,8
1999-09-01,18.17,20.727777777777778,79.5,67.62222222222222,4.964444444444444,4.144444444444445,17.002222222222223,24.674444444444443,223.02222222222224,2.7271111111111113,1999,9
1999-10-01,8.733333333333334,11.355913978494625,69.10752688172043,56.913978494623656,3.2193548387096773,3.301075268817204,22.82150537634409,32.166666666666664,233.90322580645162,1.8512903225806452,1999,10
1999-11-01,4.133333333333334,6.61,74.77777777777779,63.63333333333333,1.4188888888888889,2.7111111111111112,22.29111111111111,29.903333333333332,225.9111111111111,1.0946666666666665,1999,11
1999-12-01,-1.3043010752688173,1.186021505376344,75.75268817204302,65.27956989247312,2.639784946236559,4.139784946236559,21.1,29.43010752688172,212.80645161290323,0.6523655913978494,1999,12
2000-01-01,-5.256989247311828,-1.4505376344086023,76.24731182795698,64.76344086021506,4.225806451612903,6.043010752688172,22.568817204301077,32.60322580645161,214.55913978494624,0.546236559139785,2000,1
2000-02-01,-6.052873563218391,-1.5379310344827586,75.7471264367816,63.62068965517241,1.0275862068965516,2.114942528735632,20.851724137931036,30.233333333333334,228.20689655172413,0.7235632183908046,2000,2
2000-03-01,-0.26881720430107525,2.60752688172043,81.20430107526882,69.89247311827957,2.9956989247311827,4.225806451612903,19.47204301075269,27.768817204301076,179.16129032258064,1.1329032258064515,2000,3
2000-04-01,2.9777777777777774,5.6211111111111105,79.94444444444444,66.62222222222222,2.358888888888889,4.466666666666667,20.16888888888889,28.45888888888889,195.77777777777777,1.5495555555555556,2000,4
2000-05-01,6.703225806451612,9.922580645161291,78.3225806451613,65.46236559139784,2.652688172043011,3.7096774193548385,17.09784946236559,25.168817204301074,188.50537634408605,2.4018279569892473,2000,5
2000-06-01,14.02111111111111,17.333333333333332,73.94444444444444,58.9,1.6933333333333336,2.2222222222222223,16.27111111111111,22.96333333333333,206.4111111111111,3.8707777777777777,2000,6
2000-07-01,17.55806451612903,20.200000000000003,79.10752688172043,65.15053763440861,3.806451612903226,4.505376344086021,16.67311827956989,21.78064516129032,187.13978494623655,3.7061290322580644,2000,7
2000-08-01,18.531182795698925,20.89032258064516,79.69892473118279,67.75268817204302,2.2376344086021507,3.5268817204301075,14.53763440860215,19.951612903225808,216.13978494623655,3.237204301075269,2000,8
2000-09-01,14.882222222222223,17.42222222222222,70.57777777777778,57.94444444444445,2.0077777777777777,2.6222222222222222,18.231111111111108,24.874444444444446,218.27777777777777,2.7701111111111114,2000,9
2000-10-01,9.78494623655914,12.287096774193548,74.41935483870968,62.913978494623656,4.52258064516129,3.634408602150538,21.25483870967742,29.969892473118282,215.4301075268817,1.720537634408602,2000,10
2000-11-01,3.7155555555555555,4.817777777777778,86.42222222222222,79.53333333333333,3.152222222222222,5.533333333333333,19.305555555555554,25.623333333333335,138.3,0.5377777777777778,2000,11
2000-12-01,-3.872043010752688,-0.8053763440860215,75.69892473118279,66.01075268817205,3.849462365591398,5.118279569892474,24.53548387096774,34.8010752688172,240.91397849462365,0.6034408602150537,2000,12
2001-01-01,-6.119354838709677,-3.8172043010752685,79.3763440860215,70.81720430107528,2.9817204301075266,4.430107526881721,16.640860215053763,25.059139784946236,244.494623655914,0.46483870967741936,2001,1
2001-02-01,-7.5,-4.061904761904762,78.08333333333334,68.42857142857143,2.6380952380952385,5.083333333333334,21.604761904761908,30.951190476190476,229.59523809523807,0.619047619047619,2001,2
2001-03-01,-3.38494623655914,-1.064516129032258,82.46236559139786,73.79569892473118,2.568817204301075,3.6451612903225805,19.860215053763444,27.923655913978493,189.96774193548387,1.0325806451612902,2001,3
2001-04-01,0.95,3.0755555555555554,81.91111111111111,71.25555555555555,3.1566666666666667,5.6,18.63888888888889,27.607777777777777,192.12222222222223,1.5143333333333333,2001,4
2001-05-01,8.059139784946236,11.789247311827959,77.8494623655914,63.913978494623656,3.2591397849462367,3.7096774193548385,15.96989247311828,22.299999999999997,141.752688172043,2.7536559139784944,2001,5
2001-06-01,15.276666666666667,18.436666666666667,77.62222222222222,65.34444444444445,2.2422222222222223,2.933333333333333,16.823333333333334,23.15888888888889,228.07777777777775,3.7,2001,6
2001-07-01,18.425806451612903,21.192473118279572,74.33333333333334,61.204301075268816,1.0946236559139784,2.6236559139784945,16.63763440860215,22.080645161290324,194.3548387096774,4.160967741935484,2001,7
2001-08-01,20.236559139784948,23.20967741935484,72.25806451612904,58.236559139784944,0.9741935483870968,1.7204301075268815,16.288172043010753,22.51290322580645,211.7741935483871,4.086774193548387,2001,8
2001-09-01,16.378888888888888,19.181111111111115,70.27777777777779,56.9,0.9933333333333334,1.3666666666666667,17.103333333333335,23.883333333333333,208.8,3.0688888888888886,2001,9
2001-10-01,11.754838709677419,14.411827956989248,70.63440860215053,57.16129032258065,1.7258064516129032,2.032258064516129,19.766666666666666,27.398924731182795,230.7741935483871,2.120967741935484,2001,10
2001-11-01,3.8822222222222225,6.251111111111111,77.33333333333333,65.84444444444445,2.57,3.933333333333333,19.691111111111113,27.243333333333336,214.7777777777778,0.9146666666666667,2001,11
2001-12-01,-0.618279569892473,1.3602150537634408,76.6236559139785,67.47311827956989,1.9612903225806453,3.0,19.519354838709678,26.63225806451613,262.4301075268817,0.6863440860215054,2001,12
2002-01-01,-4.506451612903225,-2.023655913978495,77.26881720430109,68.43010752688173,3.4236559139784943,5.268817204301076,19.15268817204301,27.561290322580643,198.58064516129033,0.5543010752688172,2002,1
2002-02-01,-6.510714285714286,-3.107142857142857,79.23809523809523,69.20238095238095,3.5738095238095235,4.976190476190476,21.71666666666667,29.875,217.80952380952382,0.6358333333333334,2002,2
2002-03-01,-2.5860215053763445,0.8440860215053763,73.93548387096774,60.84946236559139,2.5290322580645164,3.763440860215054,20.820430107526885,30.266666666666666,218.10752688172042,1.1434408602150536,2002,3
2002-04-01,2.301111111111111,4.761111111111111,77.92222222222222,64.27777777777777,3.783333333333333,5.333333333333333,20.405555555555555,29.315555555555555,195.44444444444443,1.5783333333333334,2002,4
2002-05-01,7.745161290322581,11.527956989247311,74.3978494623656,57.75268817204301,2.9731182795698925,3.752688172043011,18.917204301075266,27.16559139784946,217.76344086021507,2.950430107526882,2002,5
2002-06-01,12.632222222222222,15.346666666666666,77.16666666666667,64.74444444444444,2.7177777777777776,3.911111111111111,17.004444444444445,24.673333333333336,189.38888888888889,3.2745555555555557,2002,6
2002-07-01,17.883870967741935,20.75698924731183,78.0752688172043,66.34408602150538,1.3268817204301075,2.236559139784946,15.449462365591398,21.15268817204301,196.90322580645162,3.856451612903226,2002,7
2002-08-01,19.26451612903226,22.059139784946236,75.06451612903226,62.66666666666667,1.8698924731182796,2.021505376344086,15.958064516129031,21.96451612903226,219.40860215053763,3.796989247311828,2002,8
2002-09-01,15.52888888888889,18.494444444444447,75.61111111111111,63.31111111111111,6.238888888888889,4.033333333333333,18.895555555555557,26.164444444444445,223.0,2.631555555555556,2002,9
2002-10-01,8.444086021505376,10.735483870967743,69.38709677419355,56.086021505376344,2.656989247311828,3.075268817204301,20.763440860215052,27.883870967741935,225.19354838709677,1.7844086021505374,2002,10
2002-11-01,2.051111111111111,4.24,77.52222222222221,66.76666666666667,6.107777777777779,5.533333333333333,21.766666666666666,30.727777777777774,202.32222222222222,0.8338888888888889,2002,11
2002-12-01,-2.879569892473118,-0.6935483870967742,76.47311827956989,67.70967741935483,2.5999999999999996,3.2903225806451615,21.53978494623656,29.401075268817202,245.95698924731184,0.6160215053763441,2002,12
2003-01-01,-8.943010752688172,-6.12258064516129,77.7741935483871,69.09677419354838,1.846236559139785,3.139784946236559,20.276344086021503,28.213978494623657,234.34408602150538,0.4519354838709677,2003,1
2003-02-01,-9.571428571428571,-5.828571428571428,75.91666666666666,66.26190476190476,2.857142857142857,3.8095238095238098,22.15595238095238,30.616666666666667,222.17857142857142,0.5765476190476191,2003,2
2003-03-01,-4.56989247311828,-0.7526881720430108,79.45161290322581,67.95698924731182,4.027956989247312,4.688172043010753,19.606451612903225,28.66559139784946,224.46236559139783,0.9166666666666667,2003,3
2003-04-01,1.0133333333333334,4.057777777777778,73.26666666666667,58.21111111111111,3.0777777777777775,3.6444444444444444,16.746666666666666,23.87,215.26666666666668,1.8033333333333335,2003,4
2003-05-01,6.470967741935484,9.555913978494624,81.02150537634408,69.08602150537634,2.213978494623656,3.731182795698925,13.711827956989247,19.716129032258067,156.6236559139785,2.3076344086021505,2003,5
2003-06-01,14.438888888888888,17.653333333333332,77.96666666666667,63.2,2.358888888888889,3.2,16.33888888888889,23.105555555555554,212.33333333333334,3.616111111111111,2003,6
2003-07-01,19.418279569892473,22.023655913978494,79.09677419354838,65.72043010752688,2.523655913978495,3.2580645161290325,17.892473118279568,23.959139784946238,214.36559139784944,3.8019354838709676,2003,7
2003-08-01,18.655913978494624,21.13225806451613,79.54838709677419,68.25806451612904,3.0935483870967744,4.021505376344086,15.920430107526883,21.687096774193545,200.93548387096774,3.1902150537634406,2003,8
2003-09-01,16.915555555555553,19.417777777777776,76.98888888888888,63.84444444444445,2.42,1.8888888888888888,15.84,22.15888888888889,225.87777777777777,2.7904444444444447,2003,9
2003-10-01,10.85483870967742,13.265591397849462,72.29032258064517,59.56989247311828,4.232258064516128,3.89247311827957,20.398924731182795,29.213978494623657,222.7741935483871,1.8813978494623655,2003,10
2003-11-01,3.7155555555555555,6.3,76.57777777777778,66.35555555555555,2.0766666666666667,2.511111111111111,21.261111111111113,29.276666666666664,204.8111111111111,0.9786666666666667,2003,11
2003-12-01,-1.4279569892473118,0.9172043010752688,78.26881720430109,68.8494623655914,3.966666666666667,4.247311827956989,23.28494623655914,33.62043010752688,227.83870967741936,0.6141935483870967,2003,12
2004-01-01,-10.498924731182795,-7.3043010752688176,74.18279569892472,66.0,1.5849462365591398,3.774193548387097,22.789247311827957,29.831182795698926,263.8709677419355,0.4598924731182795,2004,1
2004-02-01,-7.350574712643678,-4.164367816091954,79.03448275862068,70.91954022988506,2.7655172413793103,3.701149425287356,23.120689655172413,31.17241379310345,250.32183908045977,0.6260919540229885,2004,2
2004-03-01,-3.7139784946236563,-0.6462365591397848,81.98924731182795,72.61290322580645,2.7483870967741937,4.354838709677419,18.581720430107527,25.451612903225808,185.86021505376345,1.0229032258064517,2004,3
2004-04-01,2.288888888888889,5.253333333333333,82.57777777777778,70.92222222222222,3.111111111111111,5.9,17.27777777777778,24.522222222222222,195.95555555555558,1.5273333333333334,2004,4
2004-05-01,7.6107526881720435,10.939784946236559,73.86021505376344,60.96774193548387,1.2301075268817203,2.978494623655914,18.823655913978495,25.970967741935485,194.0752688172043,2.508172043010753,2004,5
2004-06-01,12.147777777777778,15.033333333333333,76.52222222222221,63.53333333333333,2.907777777777778,3.844444444444444,15.773333333333333,21.88,228.82222222222222,3.39,2004,6
2004-07-01,18.23548387096774,20.931182795698923,81.94623655913979,69.74193548387096,1.7440860215053764,3.333333333333333,15.268817204301074,20.233333333333334,191.7956989247312,3.4123655913978492,2004,7
2004-08-01,19.446236559139788,22.067741935483873,77.91397849462366,65.0,2.70752688172043,2.3870967741935485,16.619354838709675,22.921505376344086,224.9247311827957,3.472258064516129,2004,8
2004-09-01,14.424444444444445,17.00111111111111,72.57777777777778,62.61111111111111,2.3955555555555557,2.7222222222222223,20.435555555555553,27.554444444444446,206.04444444444442,2.6935555555555553,2004,9
2004-10-01,10.803225806451612,12.619354838709677,76.88172043010753,67.43010752688173,2.7344086021505376,2.774193548387097,18.96666666666667,25.933333333333334,173.81720430107526,1.5474193548387096,2004,10
2004-11-01,2.713333333333333,4.95888888888889,75.02222222222221,64.22222222222223,4.069999999999999,4.933333333333334,23.965555555555557,33.09222222222222,219.11111111111114,0.9626666666666667,2004,11
2004-12-01,-2.847311827956989,0.001075268817204136,74.94623655913979,63.87096774193548,4.095698924731183,4.505376344086021,22.11075268817204,31.91720430107527,222.9784946236559,0.6122580645161291,2004,12
2005-01-01,-8.382795698924731,-5.132258064516129,74.06451612903226,65.04301075268818,2.9526881720430107,3.5053763440860215,22.140860215053763,31.378494623655914,253.09677419354838,0.5080645161290323,2005,1
2005-02-01,-7.232142857142857,-4.386904761904762,81.80952380952381,73.38095238095238,0.9107142857142857,1.8928571428571428,15.951190476190476,23.952380952380953,194.32142857142858,0.5716666666666667,2005,2
2005-03-01,-3.389247311827957,-0.1483870967741935,80.63440860215053,69.97849462365592,3.339784946236559,5.817204301075268,20.244086021505375,27.734408602150538,229.23655913978496,0.969247311827957,2005,3
2005-04-01,2.9,6.137777777777777,77.27777777777779,63.08888888888889,2.137777777777778,3.055555555555556,18.34111111111111,26.858888888888888,205.1,1.8435555555555554,2005,4
2005-05-01,6.1956989247311824,8.587096774193547,82.50537634408602,71.2258064516129,3.272043010752688,3.946236559139785,17.283870967741933,23.019354838709678,148.21505376344086,2.085806451612903,2005,5
2005-06-01,14.142222222222221,17.767777777777777,77.48888888888888,65.22222222222223,1.26,2.1666666666666665,17.59111111111111,25.055555555555554,170.12222222222223,3.572777777777778,2005,6
2005-07-01,18.31935483870968,21.03548387096774,79.20430107526882,67.21505376344085,2.424731182795699,2.989247311827957,15.327956989247312,21.25698924731183,223.4301075268817,3.6779569892473116,2005,7
2005-08-01,19.192473118279572,21.76021505376344,76.65591397849462,63.064516129032256,1.4763440860215054,2.4623655913978495,15.416129032258064,21.695698924731182,219.39784946236557,3.576989247311828,2005,8
2005-09-01,16.53666666666667,18.863333333333333,74.6,62.666666666666664,3.353333333333333,4.033333333333333,19.185555555555556,26.284444444444443,239.82222222222222,2.816777777777778,2005,9
2005-10-01,10.894623655913978,12.679569892473118,78.3978494623656,68.7741935483871,4.864516129032258,5.806451612903226,20.21182795698925,28.05806451612903,191.17204301075267,1.54,2005,10
2005-11-01,4.442222222222222,7.311111111111112,76.18888888888888,63.74444444444444,4.325555555555555,4.033333333333333,20.774444444444445,29.51111111111111,212.16666666666666,0.9914444444444445,2005,11
2005-12-01,-1.8376344086021505,0.23870967741935478,77.08602150537634,67.98924731182795,2.7268817204301077,4.752688172043011,21.822580645161292,29.438709677419357,234.96774193548387,0.630752688172043,2005,12
2006-01-01,-1.7623655913978495,0.8150537634408602,77.95698924731182,68.43010752688173,2.3161290322580648,4.365591397849463,20.63010752688172,28.92795698924731,208.8494623655914,0.6166666666666667,2006,1
2006-02-01,-5.561904761904763,-2.175,71.89285714285714,59.88095238095239,2.030952380952381,3.0595238095238098,20.073809523809523,28.63809523809524,203.27380952380955,0.7904761904761904,2006,2
2006-03-01,-1.727956989247312,0.9225806451612903,75.98924731182795,63.774193548387096,0.8827956989247312,2.064516129032258,15.893548387096773,22.82043010752688,213.53763440860217,1.2638709677419355,2006,3
2006-04-01,3.3544444444444443,6.033333333333333,78.77777777777779,65.8111111111111,3.8622222222222224,4.988888888888889,20.07222222222222,27.362222222222222,160.8,1.7433333333333334,2006,4
2006-05-01,9.444086021505376,12.618279569892474,78.04301075268818,63.6021505376344,1.635483870967742,2.3225806451612905,14.713978494623655,20.811827956989244,138.61290322580646,2.824193548387097,2006,5
2006-06-01,16.20111111111111,18.912222222222223,83.62222222222222,71.91111111111111,4.168888888888889,4.911111111111111,17.77,23.90666666666667,177.02222222222224,3.0349999999999997,2006,6
2006-07-01,19.89462365591398,22.75698924731183,81.01075268817205,68.19354838709677,4.139784946236558,3.6881720430107525,16.615053763440862,22.403225806451612,226.752688172043,3.75989247311828,2006,7
2006-08-01,17.7505376344086,20.006451612903227,74.44086021505376,62.73118279569893,2.161290322580645,3.6559139784946235,15.860215053763442,21.634408602150536,224.19354838709677,3.5518279569892472,2006,8
2006-09-01,15.613333333333333,18.12,76.73333333333333,63.32222222222222,1.0577777777777777,1.8555555555555554,16.441111111111113,22.814444444444444,219.25555555555556,2.6047777777777776,2006,9
2006-10-01,10.264516129032257,12.064516129032258,73.80645161290323,63.41935483870968,4.191397849462366,4.827956989247311,19.133333333333333,28.0258064516129,219.58064516129033,1.7132258064516128,2006,10
2006-11-01,5.293333333333334,7.133333333333334,79.91111111111111,70.95555555555555,1.9544444444444442,2.688888888888889,17.412222222222223,25.285555555555554,201.4888888888889,0.8271111111111111,2006,11
2006-12-01,-1.1741935483870967,1.1677419354838707,74.88172043010753,63.98924731182796,2.3731182795698924,3.4623655913978495,22.450537634408605,30.049462365591395,267.31182795698925,0.714516129032258,2006,12
2007-01-01,-4.929032258064517,-1.6494623655913978,73.87096774193549,63.053763440860216,3.4827956989247313,4.376344086021505,22.42258064516129,31.36236559139785,249.39784946236557,0.5997849462365592,2007,1
2007-02-01,-9.067857142857143,-6.026190476190477,75.55952380952381,64.17857142857143,0.7202380952380952,1.761904761904762,18.90357142857143,26.658333333333335,234.67857142857142,0.6042857142857143,2007,2
2007-03-01,-2.6440860215053763,0.7032258064516129,74.46236559139786,61.33333333333333,2.106451612903226,3.956989247311828,22.449462365591398,31.016129032258064,235.27956989247312,1.1087096774193548,2007,3
2007-04-01,1.2,3.397777777777778,76.46666666666667,65.86666666666666,2.29,3.066666666666667,19.665555555555557,26.642222222222223,148.35555555555555,1.6776666666666666,2007,4
2007-05-01,6.881720430107527,9.911827956989248,76.72043010752688,65.86021505376344,2.3247311827956993,3.4193548387096775,16.944086021505377,24.032258064516128,222.2795698924731,2.4541935483870967,2007,5
2007-06-01,13.497777777777777,16.554444444444446,81.27777777777779,68.82222222222222,2.99,3.0,15.391111111111112,21.446666666666665,169.87777777777777,3.1985555555555556,2007,6
2007-07-01,19.03978494623656,21.649462365591397,80.97849462365592,67.83870967741936,3.3225806451612905,4.193548387096774,14.891397849462365,20.89462365591398,217.08602150537635,3.6986021505376345,2007,7
2007-08-01,18.53548387096774,21.088172043010754,77.86021505376344,64.06451612903226,3.8548387096774195,3.634408602150538,15.087096774193547,22.018279569892474,210.0215053763441,3.5082795698924736,2007,8
2007-09-01,15.336666666666668,18.33888888888889,72.48888888888888,60.733333333333334,2.362222222222222,1.9333333333333333,19.279999999999998,26.886666666666667,234.92222222222225,2.9082222222222223,2007,9
2007-10-01,10.988172043010753,13.168817204301076,73.6236559139785,63.494623655913976,1.9870967741935484,2.827956989247312,19.29247311827957,27.596774193548388,241.19354838709677,1.774301075268817,2007,10
2007-11-01,4.383333333333334,7.011111111111111,72.8,62.31111111111111,3.0733333333333333,3.8,22.547777777777775,30.885555555555552,205.7888888888889,1.0656666666666665,2007,11
2007-12-01,-3.735483870967742,-1.5935483870967742,75.35483870967742,67.04301075268818,3.4301075268817205,4.634408602150537,22.490322580645163,32.17741935483871,204.21505376344086,0.5958064516129032,2007,12
2008-01-01,-4.250537634408602,-1.1408602150537634,78.96774193548387,70.59139784946237,3.601075268817204,4.763440860215054,21.453763440860214,32.456989247311824,216.9784946236559,0.5240860215053763,2008,1
2008-02-01,-5.362068965517241,-1.7666666666666666,79.18390804597702,69.22988505747126,4.060919540229885,4.873563218390805,18.596551724137928,27.975862068965515,227.97701149425285,0.6729885057471264,2008,2
2008-03-01,-4.9430107526881715,-1.4096774193548387,75.86021505376344,62.96774193548387,2.9193548387096775,3.3440860215053765,20.22258064516129,30.462365591397848,220.2258064516129,1.022258064516129,2008,3
2008-04-01,2.7288888888888887,5.488888888888889,79.35555555555555,66.46666666666667,1.8255555555555556,3.388888888888889,16.177777777777777,21.915555555555557,133.84444444444446,1.8668888888888888,2008,4
2008-05-01,7.926881720430108,10.741935483870968,80.10752688172043,69.06451612903226,3.2021505376344086,4.817204301075269,17.162365591397847,23.231182795698924,160.13978494623655,2.4165591397849466,2008,5
2008-06-01,14.272222222222222,17.045555555555556,83.18888888888888,72.01111111111112,3.2455555555555553,4.2555555555555555,15.19,21.54222222222222,176.7888888888889,2.947666666666667,2008,6
2008-07-01,20.359139784946237,23.26774193548387,80.0,66.33333333333334,2.235483870967742,2.602150537634409,15.536559139784947,20.80537634408602,202.03225806451613,4.13247311827957,2008,7
2008-08-01,18.14516129032258,20.19462365591398,82.41935483870968,72.29032258064517,3.0548387096774197,5.763440860215053,16.76989247311828,21.681720430107525,172.27956989247312,2.9376344086021504,2008,8
2008-09-01,15.05888888888889,17.266666666666666,76.64444444444445,65.84444444444445,4.097777777777778,3.1777777777777776,18.447777777777777,26.866666666666667,234.55555555555557,2.389888888888889,2008,9
2008-10-01,9.68494623655914,11.408602150537636,73.34408602150538,63.3010752688172,1.6903225806451612,2.989247311827957,19.988172043010753,27.07741935483871,203.96774193548387,1.7102150537634409,2008,10
2008-11-01,4.775555555555556,6.8533333333333335,76.86666666666666,66.84444444444445,4.131111111111111,4.577777777777778,21.024444444444445,29.70777777777778,222.7,0.9757777777777777,2008,11
2008-12-01,-1.1559139784946235,2.6419354838709674,74.63440860215053,62.96774193548387,4.7333333333333325,5.548387096774194,23.73225806451613,32.798924731182794,212.2258064516129,0.6834408602150538,2008,12
2009-01-01,-8.798924731182796,-5.240860215053764,75.50537634408602,67.09677419354838,2.9623655913978495,4.397849462365592,22.0258064516129,30.31505376344086,266.8817204301075,0.49107526881720426,2009,1
2009-02-01,-5.707142857142856,-2.4261904761904765,81.89285714285714,72.79761904761905,3.3547619047619044,4.809523809523809,21.201190476190476,30.970238095238095,227.13095238095238,0.6405952380952381,2009,2
2009-03-01,-4.055913978494623,-0.8333333333333333,80.21505376344085,70.83870967741936,2.9193548387096775,4.139784946236559,18.60967741935484,26.107526881720432,204.39784946236557,0.9969892473118279,2009,3
2009-04-01,3.2844444444444445,6.264444444444445,79.04444444444445,67.08888888888889,2.7644444444444445,4.411111111111111,19.311111111111114,27.282222222222224,227.4,1.8622222222222222,2009,4
2009-05-01,9.30967741935484,12.556989247311828,77.27956989247312,62.24731182795699,3.045161290322581,4.548387096774194,17.386021505376345,25.707526881720433,207.09677419354838,2.767849462365591,2009,5
2009-06-01,14.583333333333334,17.153333333333332,80.06666666666666,69.21111111111112,4.214444444444444,4.455555555555555,16.047777777777778,22.412222222222223,162.74444444444444,3.1726666666666663,2009,6
2009-07-01,17.747311827956988,20.229032258064517,81.72043010752688,70.10752688172043,3.756989247311828,4.344086021505376,16.161290322580644,21.580645161290324,181.25806451612902,3.2879569892473115,2009,7
2009-08-01,19.68494623655914,22.238709677419354,78.49462365591398,65.84946236559139,5.1956989247311824,3.3225806451612905,15.366666666666667,22.45483870967742,215.51612903225808,3.5598924731182797,2009,8
2009-09-01,14.474444444444446,17.051111111111112,73.75555555555555,61.65555555555556,1.771111111111111,2.4555555555555557,18.36888888888889,25.93,221.3,2.7386666666666666,2009,9
2009-10-01,8.009677419354839,9.604301075268818,70.76344086021506,61.24731182795699,5.145161290322581,5.247311827956989,19.96021505376344,28.15806451612903,196.752688172043,1.5941935483870968,2009,10
2009-11-01,5.97,8.197777777777778,76.04444444444445,65.0111111111111,2.86,3.288888888888889,18.84333333333333,26.784444444444443,215.0,1.0504444444444445,2009,11
2009-12-01,-1.1279569892473118,0.9118279569892472,77.97849462365592,69.49462365591398,3.196774193548387,6.548387096774194,22.52258064516129,31.37741935483871,194.78494623655914,0.5991397849462365,2009,12
2010-01-01,-2.911827956989247,-1.0623655913978496,79.69892473118279,72.90322580645162,2.5301075268817206,4.150537634408602,20.646236559139783,28.82043010752688,218.76344086021507,0.5370967741935483,2010,1
2010-02-01,-2.7869047619047618,-1.5285714285714285,83.53571428571429,77.69047619047619,2.005952380952381,5.285714285714286,21.222619047619048,26.79642857142857,215.82142857142858,0.6124999999999999,2010,2
2010-03-01,-0.31935483870967746,1.9752688172043011,79.41935483870968,69.81720430107528,2.379569892473118,4.419354838709677,18.765591397849462,26.387096774193548,184.39784946236557,1.1874193548387098,2010,3
2010-04-01,4.914444444444444,7.481111111111111,80.66666666666667,68.58888888888889,1.6977777777777778,4.066666666666666,17.50111111111111,24.318888888888885,160.93333333333334,1.8306666666666667,2010,4
2010-05-01,9.086021505376344,12.130107526881721,75.53763440860214,63.473118279569896,1.7161290322580645,2.9139784946236555,18.56451612903226,26.94516129032258,245.18279569892474,2.817096774193548,2010,5
2010-06-01,14.18,17.116666666666667,79.58888888888889,66.9888888888889,4.268888888888889,3.8777777777777778,15.582222222222223,23.240000000000002,215.63333333333333,3.2658888888888886,2010,6
2010-07-01,19.827956989247312,22.42043010752688,80.65591397849462,67.90322580645162,4.118279569892473,3.7849462365591395,16.674193548387095,22.436559139784944,229.40860215053763,3.8070967741935484,2010,7
2010-08-01,19.327956989247312,21.783870967741933,77.24731182795698,63.913978494623656,3.0677419354838706,3.10752688172043,13.278494623655913,18.683870967741935,194.51612903225808,3.6348387096774197,2010,8
2010-09-01,15.94111111111111,18.142222222222223,77.77777777777779,67.14444444444445,4.416666666666667,4.711111111111111,18.11111111111111,25.805555555555554,192.26666666666668,2.436222222222222,2010,9
2010-10-01,10.077419354838709,12.0,72.53763440860214,60.37634408602151,3.436559139784946,4.204301075268818,21.54516129032258,30.163440860215054,227.38709677419354,1.8234408602150536,2010,10
2010-11-01,4.464444444444444,6.125555555555555,76.97777777777779,68.1888888888889,4.902222222222222,6.033333333333333,20.075555555555557,27.81222222222222,188.07777777777775,0.9218888888888889,2010,11
2010-12-01,2.0397849462365594,3.7010752688172044,79.3978494623656,71.46236559139786,5.182795698924731,6.161290322580645,25.397849462365592,33.57419354838709,182.09677419354838,0.6853763440860214,2010,12
2011-01-01,-3.968817204301075,-1.7956989247311828,79.30107526881721,70.80645161290323,3.282795698924731,4.989247311827957,20.830107526881722,30.55806451612903,225.11827956989248,0.5169892473118279,2011,1
2011-02-01,-5.139285714285714,-2.4071428571428575,75.63095238095238,64.91666666666667,4.0964285714285715,5.666666666666666,21.434523809523807,31.239285714285717,231.66666666666669,0.7080952380952381,2011,2
2011-03-01,-1.829032258064516,1.1053763440860214,75.03225806451613,65.20430107526882,1.3387096774193548,2.6559139784946235,21.807526881720428,29.330107526881722,210.89247311827958,1.2000000000000002,2011,3
2011-04-01,3.362222222222222,6.573333333333333,77.22222222222221,63.36666666666667,2.447777777777778,3.911111111111111,19.93111111111111,29.45,218.0111111111111,1.6952222222222224,2011,4
2011-05-01,8.6247311827957,11.576344086021505,84.66666666666666,75.0,3.3279569892473115,4.795698924731182,19.48494623655914,25.73225806451613,127.63440860215053,2.0013978494623657,2011,5
2011-06-01,12.431111111111111,15.037777777777778,83.15555555555555,73.48888888888888,1.597777777777778,3.2333333333333334,16.246666666666666,22.762222222222224,175.6,2.6782222222222223,2011,6
2011-07-01,18.253763440860215,21.13010752688172,79.69892473118279,66.10752688172043,3.6806451612903226,3.698924731182796,16.466666666666665,23.7752688172043,216.2258064516129,3.6624731182795696,2011,7
2011-08-01,18.876344086021504,21.280645161290323,81.49462365591398,70.09677419354838,3.0344086021505374,4.365591397849463,17.212903225806453,23.615053763440862,183.05376344086022,3.1678494623655915,2011,8
2011-09-01,16.064444444444444,18.99888888888889,77.26666666666667,64.15555555555555,0.5522222222222222,1.5,16.164444444444445,22.84,208.35555555555555,2.704333333333333,2011,9
2011-10-01,10.82258064516129,12.563440860215055,76.31182795698925,65.51612903225806,6.658064516129032,6.236559139784947,21.278494623655913,29.438709677419357,201.46236559139783,1.599247311827957,2011,10
2011-11-01,5.927777777777778,8.542222222222222,73.48888888888888,61.75555555555556,3.625555555555556,3.155555555555556,20.732222222222223,27.92222222222222,225.12222222222223,1.1922222222222223,2011,11
2011-12-01,0.38709677419354827,3.454838709677419,73.75268817204302,63.53763440860215,3.494623655913979,4.956989247311828,20.629032258064516,30.112903225806452,216.58064516129033,0.7326881720430108,2011,12
2012-01-01,-3.6559139784946235,0.15268817204301072,73.3978494623656,61.53763440860215,2.4720430107526883,3.333333333333333,20.967741935483872,29.39462365591398,238.4301075268817,0.645483870967742,2012,1
2012-02-01,-5.5218390804597695,-2.920689655172414,78.85057471264368,68.64367816091955,3.7540229885057474,4.114942528735632,19.53793103448276,26.893103448275863,225.94252873563218,0.6782758620689655,2012,2
2012-03-01,-0.6258064516129032,2.5989247311827954,75.98924731182795,65.80645161290323,1.5365591397849463,3.301075268817204,19.46236559139785,27.975268817204302,222.25806451612902,1.3265591397849463,2012,3
2012-04-01,4.698888888888889,7.9944444444444445,77.31111111111112,63.21111111111111,2.21,3.0,19.57888888888889,26.965555555555557,192.16666666666666,2.044,2012,4
2012-05-01,10.497849462365592,13.559139784946236,77.05376344086021,63.36559139784946,1.7677419354838708,3.1827956989247315,15.833333333333332,22.227956989247314,144.21505376344086,2.923548387096774,2012,5
2012-06-01,14.096666666666666,17.043333333333333,80.45555555555555,67.87777777777778,2.3366666666666664,3.7222222222222223,16.884444444444444,22.79222222222222,167.66666666666666,3.351222222222222,2012,6
2012-07-01,19.361290322580643,22.081720430107527,75.3978494623656,61.354838709677416,1.3268817204301075,1.913978494623656,14.561290322580644,20.621505376344086,216.46236559139783,4.323333333333333,2012,7
2012-08-01,20.811827956989244,23.53010752688172,78.76344086021506,65.75268817204301,2.0978494623655912,3.2688172043010755,15.024731182795698,20.97956989247312,208.03225806451613,3.662795698924731,2012,8
2012-09-01,16.462222222222223,19.0,77.14444444444445,65.08888888888889,7.351111111111111,5.044444444444443,18.464444444444446,26.17,217.33333333333334,2.5441111111111114,2012,9
2012-10-01,11.134408602150538,13.008602150537634,75.58064516129032,65.41935483870968,2.2096774193548385,3.0860215053763445,20.884946236559138,27.649462365591397,210.01075268817203,1.6684946236559142,2012,10
2012-11-01,4.808888888888889,6.727777777777778,72.54444444444445,62.06666666666667,1.8344444444444443,2.966666666666667,19.09111111111111,26.163333333333334,230.9111111111111,1.0906666666666667,2012,11
2012-12-01,0.17419354838709677,2.3365591397849466,77.24731182795698,67.43010752688173,3.5580645161290323,4.731182795698924,22.475268817204302,32.20645161290322,203.72043010752688,0.652258064516129,2012,12
2013-01-01,-6.245161290322581,-2.8731182795698924,74.63440860215053,65.82795698924731,0.8118279569892473,2.4623655913978495,23.410752688172042,31.40752688172043,259.741935483871,0.5644086021505376,2013,1
2013-02-01,-5.511904761904762,-2.7464285714285714,77.46428571428571,67.57142857142857,3.175,5.369047619047619,21.408333333333335,31.222619047619048,189.63095238095238,0.7117857142857142,2013,2
2013-03-01,-1.3612903225806452,0.4247311827956989,82.54838709677419,73.45161290322581,2.2516129032258063,3.9139784946236555,19.463440860215055,26.833333333333336,177.01075268817203,1.060967741935484,2013,3
2013-04-01,2.7655555555555558,5.662222222222223,77.4,64.45555555555556,1.6522222222222223,3.6222222222222222,19.15,26.723333333333333,202.87777777777777,1.7834444444444444,2013,4
2013-05-01,9.541935483870969,12.69032258064516,81.08602150537634,66.6021505376344,3.389247311827957,4.623655913978495,18.561290322580643,25.723655913978494,183.16129032258064,2.4346236559139784,2013,5
2013-06-01,14.54,17.502222222222223,80.68888888888888,68.37777777777778,3.728888888888889,4.188888888888888,16.093333333333334,23.00111111111111,178.36666666666667,3.1408888888888886,2013,6
2013-07-01,20.154838709677417,23.227956989247314,77.53763440860214,64.9784946236559,1.9688172043010752,2.225806451612903,15.727956989247312,22.095698924731185,202.98924731182797,3.958494623655914,2013,7
2013-08-01,19.062365591397853,21.79569892473118,77.3978494623656,64.60215053763442,2.274193548387097,3.1182795698924735,16.69677419354839,22.38494623655914,212.4301075268817,3.730967741935484,2013,8
2013-09-01,15.495555555555557,18.015555555555558,78.76666666666667,68.8,5.1177777777777775,4.822222222222222,19.526666666666664,25.09333333333333,197.17777777777778,2.2288888888888887,2013,9
2013-10-01,10.165591397849463,12.272043010752688,72.09677419354838,60.344086021505376,2.2698924731182792,2.3548387096774195,17.4,24.510752688172044,230.90322580645162,1.8175268817204302,2013,10
2013-11-01,3.551111111111111,6.348888888888889,71.08888888888889,59.488888888888894,3.15,4.5,23.06222222222222,32.32888888888889,246.12222222222223,1.1343333333333334,2013,11
2013-12-01,-3.9268817204301074,-1.132258064516129,76.6236559139785,67.27956989247312,6.76989247311828,7.559139784946237,21.710752688172043,31.16559139784946,207.29032258064515,0.550752688172043,2013,12
2014-01-01,-5.8784946236559135,-1.8172043010752688,77.13978494623656,67.25806451612904,2.746236559139785,4.494623655913979,23.41505376344086,33.770967741935486,208.05376344086022,0.5375268817204302,2014,1
2014-02-01,-6.815476190476191,-3.8845238095238095,78.23809523809523,67.08333333333333,3.5297619047619047,3.726190476190476,17.65357142857143,26.254761904761903,225.67857142857142,0.6694047619047618,2014,2
2014-03-01,-6.035483870967742,-2.5408602150537636,75.12903225806451,62.903225806451616,3.717204301075269,4.548387096774194,21.081720430107527,30.57204301075269,231.5268817204301,0.954516129032258,2014,3
2014-04-01,2.148888888888889,4.765555555555555,80.66666666666667,71.14444444444445,3.305555555555556,4.155555555555555,20.866666666666667,28.987777777777776,166.33333333333334,1.5824444444444443,2014,4
2014-05-01,7.382795698924731,10.426881720430108,80.12903225806451,68.75268817204302,1.6204301075268817,2.7634408602150535,15.381720430107526,21.615053763440862,159.78494623655914,2.4030107526881723,2014,5
2014-06-01,14.110000000000001,17.15666666666667,78.9,65.23333333333333,3.8066666666666666,3.4555555555555557,15.238888888888889,21.20111111111111,202.4111111111111,3.317444444444445,2014,6
2014-07-01,20.69462365591398,23.716129032258067,78.35483870967742,64.65591397849462,2.52258064516129,3.5806451612903225,20.601075268817205,27.134408602150536,219.83870967741936,4.180537634408602,2014,7
2014-08-01,18.666666666666664,20.8494623655914,79.93548387096774,69.98924731182795,3.8645161290322583,4.526881720430108,15.920430107526883,21.78494623655914,181.03225806451613,3.3380645161290325,2014,8
2014-09-01,15.50111111111111,18.39777777777778,72.37777777777778,59.922222222222224,2.3155555555555556,2.2,18.862222222222222,26.333333333333332,215.53333333333333,2.918,2014,9
2014-10-01,11.549462365591399,13.630107526881721,77.70967741935483,66.76344086021506,2.9709677419354836,3.311827956989247,19.504301075268817,26.31720430107527,194.5483870967742,1.623763440860215,2014,10
2014-11-01,3.7177777777777776,6.545555555555556,74.38888888888889,62.31111111111111,6.011111111111111,6.011111111111111,21.794444444444444,30.475555555555555,217.45555555555558,0.9573333333333333,2014,11
2014-12-01,-0.15698924731182798,2.704301075268817,77.18279569892472,67.52688172043011,5.212903225806452,5.0,20.455913978494625,28.008602150537634,199.505376344086,0.5923655913978495,2014,12
2015-01-01,-6.833333333333334,-2.761290322580645,73.88172043010753,62.62365591397849,3.980645161290323,4.408602150537634,22.153763440860214,31.848387096774193,211.67741935483872,0.5553763440860214,2015,1
2015-02-01,-11.661904761904763,-7.921428571428572,76.20238095238095,65.23809523809524,4.809523809523809,4.5476190476190474,22.7,32.89523809523809,209.9047619047619,0.526547619047619,2015,2
2015-03-01,-5.751612903225807,-2.760215053763441,76.69892473118279,65.38709677419355,3.224731182795699,5.053763440860215,21.16021505376344,29.52043010752688,230.60215053763443,0.9997849462365591,2015,3
2015-04-01,0.19555555555555565,2.6244444444444444,80.47777777777779,69.47777777777779,3.057777777777778,4.177777777777778,17.87777777777778,26.823333333333334,188.93333333333334,1.5026666666666666,2015,4
2015-05-01,9.388172043010751,13.389247311827956,74.45161290322581,59.68817204301075,1.4827956989247313,2.3870967741935485,18.316129032258065,25.913978494623656,195.10752688172042,3.0365591397849463,2015,5
2015-06-01,13.066666666666666,15.836666666666668,76.67777777777778,64.23333333333333,3.5433333333333334,4.1,17.16111111111111,24.124444444444446,186.11111111111111,3.1615555555555557,2015,6
2015-07-01,18.174193548387095,20.741935483870968,79.04301075268818,67.13978494623656,1.789247311827957,3.2150537634408605,14.140860215053763,20.016129032258064,199.6989247311828,3.67763440860215,2015,7
2015-08-01,20.73978494623656,23.351612903225806,80.27956989247312,66.35483870967742,2.761290322580645,3.043010752688172,16.99247311827957,21.59784946236559,186.3010752688172,3.707849462365591,2015,8
2015-09-01,17.17888888888889,20.003333333333334,75.18888888888888,64.87777777777778,1.9444444444444444,2.011111111111111,18.243333333333332,25.258888888888887,232.88888888888889,2.8331111111111107,2015,9
2015-10-01,9.318279569892473,12.001075268817205,71.47311827956989,57.935483870967744,3.275268817204301,3.731182795698925,21.055913978494623,28.988172043010753,209.4731182795699,1.7325806451612904,2015,10
2015-11-01,4.804444444444444,6.804444444444444,73.24444444444445,63.45555555555555,3.667777777777778,4.0777777777777775,20.613333333333333,28.403333333333332,231.95555555555555,1.0622222222222222,2015,11
2015-12-01,0.9215053763440859,2.949462365591398,79.3978494623656,69.93548387096774,4.881720430107527,5.741935483870968,19.638709677419353,28.440860215053764,201.82795698924733,0.6332258064516129,2015,12
2016-01-01,-3.9311827956989247,-1.8182795698924732,75.35483870967742,66.46236559139786,1.941935483870968,2.7096774193548385,21.26989247311828,29.403225806451612,216.4731182795699,0.6280645161290322,2016,1
2016-02-01,-3.0839080459770116,0.4172413793103448,75.0919540229885,63.12643678160919,3.347126436781609,4.32183908045977,22.079310344827583,32.35632183908046,219.80459770114942,0.8186206896551724,2016,2
2016-03-01,-3.19247311827957,0.19569892473118272,73.61290322580645,59.645161290322584,3.2978494623655914,5.075268817204301,19.735483870967744,29.356989247311827,197.38709677419354,1.0534408602150538,2016,3
2016-04-01,1.93,5.142222222222221,72.3,58.08888888888889,2.838888888888889,3.8777777777777778,19.823333333333334,28.48888888888889,205.53333333333333,1.8816666666666668,2016,4
2016-05-01,8.8752688172043,12.319354838709677,79.3763440860215,66.13978494623656,2.074193548387097,3.236559139784946,16.72258064516129,22.988172043010753,177.3548387096774,2.6067741935483872,2016,5
2016-06-01,12.554444444444444,15.986666666666668,78.85555555555555,66.36666666666666,2.0144444444444445,4.222222222222222,18.216666666666665,24.57,204.2888888888889,3.2030000000000003,2016,6
2016-07-01,18.698924731182796,21.48709677419355,78.23655913978494,65.74193548387096,2.2913978494623657,3.1182795698924735,15.320430107526882,21.038709677419355,202.247311827957,3.902688172043011,2016,7
2016-08-01,19.239784946236558,21.81075268817204,76.12903225806451,63.86021505376344,2.478494623655914,2.6236559139784945,16.837634408602153,23.026881720430108,212.48387096774192,3.6388172043010756,2016,8
2016-09-01,16.032222222222224,18.34,76.06666666666666,64.06666666666666,1.9622222222222223,3.877777777777778,18.244444444444447,24.868888888888886,222.2,2.5835555555555554,2016,9
2016-10-01,10.83978494623656,13.075268817204302,75.2258064516129,64.21505376344086,4.575268817204301,3.8172043010752685,19.30537634408602,27.80860215053763,201.0752688172043,1.7267741935483871,2016,10
2016-11-01,4.26,5.942222222222223,81.85555555555555,73.84444444444445,2.5655555555555556,3.777777777777778,17.240000000000002,24.241111111111113,193.85555555555555,0.7488888888888889,2016,11
2016-12-01,-2.825806451612903,0.37849462365591396,79.49462365591398,71.93548387096774,3.1838709677419357,5.053763440860215,22.437634408602154,31.46021505376344,242.26881720430106,0.5274193548387097,2016,12
2017-01-01,-4.498924731182796,-0.9096774193548386,75.65591397849462,62.03225806451613,3.3301075268817204,4.935483870967742,17.96129032258065,26.229032258064517,233.65591397849462,0.5887096774193549,2017,1
2017-02-01,-5.522619047619047,-1.786904761904762,75.85714285714286,61.797619047619044,3.6095238095238096,5.904761904761905,17.583333333333336,27.004761904761903,227.19047619047618,0.7667857142857143,2017,2
2017-03-01,-4.309677419354839,-0.2225806451612903,73.0,56.75268817204301,2.1086021505376342,5.698924731182795,18.878494623655914,26.408602150537632,241.05376344086022,1.06247311827957,2017,3
2017-04-01,4.135555555555555,8.52888888888889,77.08888888888889,59.666666666666664,1.6188888888888888,3.711111111111111,14.44111111111111,20.667777777777776,157.53333333333333,1.9068888888888889,2017,4
2017-05-01,9.429032258064517,13.865591397849464,76.83870967741936,58.44086021505377,3.589247311827957,5.010752688172043,16.313978494623658,23.44731182795699,166.3548387096774,2.63989247311828,2017,5
2017-06-01,15.665555555555555,19.983333333333334,75.72222222222221,57.84444444444444,2.2944444444444443,3.033333333333333,15.3,22.641111111111112,208.35555555555555,3.6915555555555555,2017,6
2017-07-01,19.345161290322583,23.446236559139788,71.43010752688173,50.763440860215056,1.3688172043010753,1.8924731182795698,13.05268817204301,19.038709677419355,218.40860215053763,4.305591397849462,2017,7
2017-08-01,19.106451612903225,23.096774193548388,74.11827956989247,53.36559139784946,2.2655913978494624,3.0537634408602146,13.19784946236559,19.57956989247312,217.48387096774192,3.638279569892473,2017,8
2017-09-01,16.594444444444445,20.42777777777778,78.23333333333333,61.24444444444444,1.7877777777777777,3.1777777777777776,14.694444444444445,20.94,185.27777777777777,2.5047777777777775,2017,9
2017-10-01,12.34731182795699,15.921505376344086,74.91397849462366,59.505376344086024,1.5591397849462365,1.6989247311827955,17.695698924731182,26.06021505376344,244.09677419354838,1.9219354838709677,2017,10
2017-11-01,3.352222222222222,7.302222222222222,72.51111111111112,58.78888888888889,3.5788888888888892,3.788888888888889,18.635555555555552,26.94222222222222,203.0888888888889,0.9895555555555556,2017,11
2017-12-01,-4.560215053763441,-1.0763440860215057,75.59139784946237,63.25806451612903,3.416129032258065,5.21505376344086,18.654838709677417,26.453763440860218,203.83870967741936,0.5245161290322581,2017,12
2018-01-01,-6.363440860215054,-2.109677419354839,74.75268817204302,63.36559139784946,3.5172043010752687,5.150537634408602,20.783870967741933,29.495698924731183,222.50537634408605,0.553978494623656,2018,1
2018-02-01,-4.054761904761905,1.4261904761904762,77.07142857142857,62.69047619047619,3.5845238095238092,6.547619047619048,16.603571428571428,25.21547619047619,216.29761904761904,0.7514285714285714,2018,2
2018-03-01,-1.4709677419354839,1.249462365591398,80.1505376344086,66.56989247311827,2.6301075268817202,5.602150537634408,20.134408602150536,28.036559139784945,120.7741935483871,1.0464516129032257,2018,3
2018-04-01,2.19,6.687777777777778,74.53333333333333,56.06666666666667,2.741111111111111,5.022222222222222,16.432222222222222,24.34888888888889,206.77777777777777,1.769111111111111,2018,4
2018-05-01,9.281720430107528,14.834408602150537,69.97849462365592,49.70967741935484,2.338709677419355,3.172043010752688,15.606451612903227,23.51290322580645,205.51612903225808,3.229462365591398,2018,5
2018-06-01,12.994444444444444,17.511111111111113,72.67777777777778,54.46666666666667,4.6066666666666665,5.477777777777778,15.597777777777777,22.695555555555554,213.27777777777777,3.485111111111111,2018,6
2018-07-01,21.09784946236559,25.52795698924731,74.56989247311827,54.913978494623656,1.4333333333333331,2.3440860215053765,14.882795698924731,20.68279569892473,202.48387096774192,4.496774193548387,2018,7
2018-08-01,21.048387096774192,24.76451612903226,77.75268817204302,59.66666666666667,2.958064516129032,3.6236559139784945,13.168817204301076,19.09032258064516,207.46236559139783,3.6363440860215053,2018,8
2018-09-01,15.492222222222221,19.19777777777778,74.76666666666667,56.64444444444444,2.68,3.1888888888888887,14.251111111111111,21.509999999999998,223.17777777777778,2.665,2018,9
2018-10-01,7.698924731182795,10.883870967741935,76.55913978494624,61.38709677419355,5.054838709677419,7.279569892473119,17.28817204301075,25.95483870967742,229.6451612903226,1.3210752688172043,2018,10
2018-11-01,1.1288888888888888,4.192222222222222,79.63333333333334,69.34444444444445,7.391111111111111,7.855555555555555,21.52111111111111,30.89,199.0888888888889,0.7584444444444445,2018,11
2018-12-01,-4.588172043010753,-1.558064516129032,78.0752688172043,68.11827956989247,2.940860215053763,4.870967741935484,16.58494623655914,23.93978494623656,257.3010752688172,0.4875268817204301,2018,12
2019-01-01,-6.853763440860215,-1.6806451612903226,79.65591397849462,68.01075268817205,4.188172043010753,6.150537634408602,17.496774193548386,27.13978494623656,221.90322580645162,0.4268817204301075,2019,1
2019-02-01,-8.61547619047619,-4.496428571428572,71.80952380952381,58.773809523809526,2.7083333333333335,4.345238095238096,20.732142857142858,28.66190476190476,235.60714285714286,0.660952380952381,2019,2
2019-03-01,-2.9064516129032256,1.1279569892473118,71.21505376344085,53.3010752688172,1.929032258064516,3.3440860215053765,16.570967741935487,24.63010752688172,224.6989247311828,1.2990322580645162,2019,3
2019-04-01,3.2088888888888887,7.444444444444445,75.41111111111111,57.544444444444444,5.536666666666666,7.788888888888889,18.92888888888889,27.966666666666665,223.04444444444442,1.6655555555555557,2019,4
2019-05-01,6.941935483870967,11.010752688172042,76.20430107526882,58.95698924731183,3.0064516129032257,5.344086021505376,14.18279569892473,20.216129032258067,205.81720430107526,2.3723655913978496,2019,5
2019-06-01,14.705555555555556,19.218888888888888,75.11111111111111,55.988888888888894,4.38,4.911111111111111,13.431111111111111,20.154444444444444,202.7111111111111,3.5763333333333334,2019,6
2019-07-01,19.359139784946237,23.47956989247312,77.03225806451613,59.784946236559136,1.8043010752688173,2.7634408602150535,12.589247311827956,18.265591397849462,235.19354838709677,4.109139784946237,2019,7
2019-08-01,19.76774193548387,23.89032258064516,75.63440860215053,54.053763440860216,3.856989247311828,3.8494623655913975,13.350537634408603,20.195698924731186,219.6451612903226,3.76247311827957,2019,8
2019-09-01,14.298888888888888,17.61111111111111,78.52222222222221,62.12222222222223,5.8,5.3,15.770000000000001,23.795555555555556,229.84444444444443,2.3475555555555556,2019,9
2019-10-01,9.16236559139785,12.048387096774194,80.10752688172043,64.94623655913978,3.324731182795699,4.225806451612903,14.45483870967742,21.531182795698925,213.27956989247312,1.3366666666666667,2019,10
2019-11-01,2.7577777777777777,5.907777777777778,76.1,61.77777777777778,4.707777777777777,6.933333333333334,21.334444444444443,30.642222222222223,203.8111111111111,0.9342222222222223,2019,11
2019-12-01,-2.0182795698924734,0.9322580645161291,73.93548387096774,61.107526881720425,3.2043010752688175,4.559139784946237,19.225806451612904,27.92043010752688,250.94623655913978,0.6469892473118279,2019,12
2020-01-01,-5.406451612903226,-1.6387096774193548,81.3763440860215,71.6236559139785,3.396774193548387,7.043010752688172,16.668817204301074,25.733333333333334,215.88172043010752,0.43774193548387097,2020,1
2020-02-01,-5.742528735632184,-1.435632183908046,78.28735632183908,64.67816091954023,2.4367816091954024,4.068965517241379,16.301149425287356,24.29080459770115,219.83908045977012,0.7383908045977011,2020,2
2020-03-01,-2.551612903225806,0.9967741935483871,77.25806451612904,63.0,2.8118279569892475,5.666666666666666,17.697849462365593,26.948387096774194,193.7741935483871,1.1116129032258064,2020,3
2020-04-01,2.551111111111111,6.308888888888888,69.84444444444445,50.522222222222226,1.8277777777777777,3.9555555555555557,17.184444444444445,25.355555555555554,194.7,2.1318888888888887,2020,4
2020-05-01,9.14516129032258,13.93010752688172,71.24731182795698,51.784946236559136,3.375268817204301,4.763440860215053,17.263440860215052,25.01505376344086,202.63440860215056,3.010215053763441,2020,5
2020-06-01,16.683333333333334,21.62777777777778,71.43333333333334,52.333333333333336,1.1922222222222223,2.7333333333333334,14.942222222222222,21.136666666666667,174.37777777777777,4.1081111111111115,2020,6
2020-07-01,19.747311827956988,23.82150537634409,80.3978494623656,62.3763440860215,3.5021505376344084,4.440860215053763,11.968817204301077,17.7752688172043,182.36559139784944,3.704516129032258,2020,7
2020-08-01,20.070967741935487,24.102150537634408,71.38709677419355,50.107526881720425,2.164516129032258,3.053763440860215,15.431182795698925,22.05806451612903,211.19354838709677,4.107096774193548,2020,8
2020-09-01,15.723333333333333,19.60666666666667,75.81111111111112,56.77777777777778,3.1199999999999997,2.9111111111111114,16.804444444444446,24.10111111111111,226.15555555555554,2.740222222222222,2020,9
2020-10-01,9.891397849462365,13.421505376344086,74.88172043010753,58.36559139784946,2.8763440860215055,3.774193548387097,16.91290322580645,25.287096774193547,218.70967741935485,1.664731182795699,2020,10
2020-11-01,5.045555555555556,8.276666666666667,76.22222222222221,62.2,2.807777777777778,4.411111111111111,17.990000000000002,26.50111111111111,226.54444444444442,0.9992222222222222,2020,11
2020-12-01,1.5569892473118279,4.259139784946236,79.6236559139785,67.45161290322581,4.560215053763441,6.870967741935484,18.858064516129033,26.83440860215054,211.4516129032258,0.6213978494623655,2020,12
2021-01-01,-3.47741935483871,-1.1096774193548387,81.11827956989247,72.63440860215053,2.106451612903226,4.817204301075269,15.840860215053763,21.83655913978495,211.9784946236559,0.49462365591397844,2021,1
2021-02-01,-5.046428571428572,-1.6666666666666665,78.35714285714286,65.17857142857143,4.569047619047619,5.107142857142857,16.73690476190476,25.0,244.22619047619045,0.685595238095238,2021,2
2021-03-01,-1.8559139784946237,3.2139784946236563,72.19354838709677,57.88172043010753,2.660215053763441,4.118279569892473,18.975268817204302,26.121505376344086,238.32258064516128,1.3820430107526882,2021,3
2021-04-01,4.5,8.325555555555557,81.53333333333333,65.76666666666667,3.8777777777777778,5.8,17.21333333333333,24.232222222222223,140.46666666666667,1.6552222222222222,2021,4
2021-05-01,8.965591397849462,13.782795698924732,73.91397849462366,56.25806451612903,3.3956989247311826,5.53763440860215,15.726881720430107,22.807526881720428,198.2258064516129,2.896559139784946,2021,5
2021-06-01,17.645555555555557,22.24222222222222,74.56666666666666,56.022222222222226,3.2722222222222226,4.222222222222222,16.106666666666666,23.482222222222223,210.25555555555556,4.000111111111111,2021,6
2021-07-01,18.210752688172043,21.68064516129032,79.82795698924731,62.41935483870968,4.054838709677419,6.634408602150538,13.995698924731183,20.451612903225808,202.86021505376345,3.3806451612903223,2021,7
2021-08-01,20.618279569892472,24.578494623655914,79.55913978494624,61.97849462365591,2.011827956989247,2.6559139784946235,13.444086021505376,18.9741935483871,215.0752688172043,3.6455913978494623,2021,8
2021-09-01,16.624444444444446,20.024444444444445,81.43333333333334,66.37777777777778,5.542222222222222,5.266666666666667,16.62,25.365555555555556,212.6,2.296777777777778,2021,9
2021-10-01,11.034408602150538,14.133333333333333,82.78494623655915,68.1505376344086,3.396774193548387,3.5483870967741935,13.303225806451612,19.874193548387098,211.40860215053763,1.431505376344086,2021,10
2021-11-01,4.818888888888889,7.79,80.16666666666667,65.52222222222223,5.582222222222223,6.944444444444445,17.60111111111111,25.86,249.7,0.8664444444444445,2021,11
2021-12-01,-1.393548387096774,1.9021505376344083,74.3978494623656,59.72043010752688,2.865591397849462,5.139784946236559,18.806451612903224,27.63978494623656,235.9247311827957,0.6880645161290322,2021,12
2022-01-01,-7.236559139784947,-2.0591397849462365,80.6236559139785,70.65591397849462,5.690322580645161,7.731182795698925,18.495698924731183,29.566666666666666,228.05376344086022,0.4143010752688172,2022,1
2022-02-01,-5.3809523809523805,-0.9583333333333333,78.17857142857143,67.30952380952381,5.351190476190476,7.226190476190476,19.842857142857145,28.607142857142858,219.0952380952381,0.6898809523809524,2022,2
2022-03-01,-1.8182795698924732,2.5129032258064514,77.3763440860215,62.03225806451613,3.9623655913978495,5.67741935483871,17.23225806451613,25.963440860215055,233.4516129032258,1.131720430107527,2022,3
2022-04-01,4.069999999999999,7.989999999999999,78.93333333333334,61.2,4.105555555555555,7.011111111111111,17.191111111111113,26.556666666666665,192.73333333333332,1.7907777777777776,2022,4
2022-05-01,10.44731182795699,15.46989247311828,70.53763440860214,51.03225806451613,1.9215053763440861,3.172043010752688,14.149462365591397,21.359139784946237,200.3763440860215,3.265806451612903,2022,5
2022-06-01,15.498888888888889,19.71888888888889,78.47777777777779,60.62222222222223,4.503333333333333,4.966666666666667,13.18,19.913333333333334,177.62222222222223,3.5275555555555558,2022,6
2022-07-01,20.170967741935485,24.421505376344083,74.01075268817205,54.88172043010753,3.5118279569892477,2.6344086021505375,15.451612903225806,22.831182795698926,222.08602150537635,4.40494623655914,2022,7
2022-08-01,20.567741935483873,24.17311827956989,80.68817204301075,63.096774193548384,3.545161290322581,5.139784946236559,13.083870967741934,19.566666666666666,186.0752688172043,3.4024731182795698,2022,8
2022-09-01,15.716666666666667,19.202222222222225,77.78888888888888,60.21111111111111,4.0088888888888885,3.8333333333333335,15.602222222222222,22.17,213.02222222222224,2.6472222222222217,2022,9
2022-10-01,12.018279569892472,15.681720430107527,79.6236559139785,64.26881720430107,2.001075268817204,2.1397849462365595,14.423655913978495,20.602150537634408,208.7741935483871,1.6521505376344086,2022,10
2022-11-01,4.8933333333333335,7.932222222222222,74.13333333333334,60.64444444444444,3.782222222222222,4.022222222222222,20.085555555555555,29.694444444444446,251.5888888888889,1.109777777777778,2022,11
2022-12-01,0.02473118279569898,2.5408602150537636,80.02150537634408,70.34408602150538,4.978494623655914,7.182795698924731,19.59247311827957,28.11720430107527,163.5483870967742,0.5633333333333334,2022,12
2023-01-01,4.033333333333334,6.433333333333333,98.66666666666667,94.66666666666667,25.366666666666664,22.333333333333332,13.833333333333334,27.7,6.333333333333333,0.12333333333333334,2023,1
