time,temperature_2m_mean (°C),temperature_2m_max (°C),relative_humidity_2m_mean (%),relative_humidity_2m_min (%),precipitation_sum (mm),precipitation_hours (h),wind_speed_10m_mean (km/h),wind_speed_10m_max (km/h),wind_direction_10m_dominant (°),et0_fao_evapotranspiration (mm)
1990-01-01,-7.2172043010752684,-3.096774193548387,80.82795698924731,67.30107526881721,1.8978494623655913,5.365591397849463,8.69032258064516,12.411827956989248,195.72043010752688,0.30526881720430105
1990-02-01,-8.708333333333332,-2.7035714285714287,74.02380952380952,55.714285714285715,1.2333333333333332,4.0,8.808333333333334,12.864285714285714,190.51190476190476,0.6057142857142858
1990-03-01,-0.410752688172043,5.854838709677419,70.7741935483871,46.817204301075265,0.7838709677419355,2.5913978494623655,7.102150537634408,11.17741935483871,198.1505376344086,1.463763440860215
1990-04-01,5.446666666666667,11.931111111111111,65.32222222222222,38.93333333333333,1.2277777777777779,3.5222222222222226,6.862222222222223,11.044444444444444,186.6888888888889,2.393444444444444
1990-05-01,10.031182795698927,16.08494623655914,69.7741935483871,42.43010752688172,2.725806451612903,6.043010752688172,6.849462365591398,11.625806451612902,201.36559139784944,2.9980645161290322
1990-06-01,14.002222222222223,19.74222222222222,67.8111111111111,41.53333333333333,2.752222222222222,4.466666666666667,7.944444444444445,12.93888888888889,213.26666666666668,3.731555555555556
1990-07-01,18.391397849462365,24.791397849462363,61.72043010752688,34.935483870967744,1.4247311827956988,2.3763440860215055,6.018279569892473,10.129032258064516,219.25806451612902,4.480860215053763
1990-08-01,18.473118279569892,24.861290322580647,58.215053763440864,32.73118279569892,0.964516129032258,2.5053763440860215,6.998924731182796,11.283870967741937,209.3010752688172,3.9355913978494623
1990-09-01,14.881111111111112,21.486666666666668,60.46666666666667,32.711111111111116,0.43555555555555553,0.8111111111111111,7.334444444444444,11.414444444444445,216.34444444444443,2.9433333333333334
1990-10-01,3.468817204301075,7.808602150537634,75.78494623655915,52.88172043010753,2.8913978494623658,6.580645161290323,9.138709677419355,14.33010752688172,194.0,1.0283870967741935
1990-11-01,-4.776666666666667,-0.6855555555555556,80.11111111111111,65.97777777777777,3.623333333333333,7.188888888888888,8.922222222222222,13.243333333333334,207.7,0.4165555555555555
1990-12-01,-12.36774193548387,-7.95483870967742,79.25806451612904,69.35483870967742,2.398924731182796,6.602150537634409,9.3,12.975268817204302,203.752688172043,0.2189247311827957
1991-01-01,-12.070967741935483,-7.720430107526882,76.68817204301075,63.39784946236559,0.7666666666666666,2.5698924731182795,7.612903225806452,10.68494623655914,207.752688172043,0.27946236559139787
1991-02-01,-0.44642857142857145,4.28452380952381,80.60714285714286,63.952380952380956,0.9892857142857142,3.273809523809524,8.322619047619048,12.522619047619047,179.20238095238096,0.7397619047619048
1991-03-01,-3.055913978494624,2.8806451612903223,68.52688172043011,46.29032258064516,0.8365591397849462,2.8494623655913975,7.624731182795699,11.840860215053763,192.88172043010752,1.3292473118279569
1991-04-01,5.472222222222222,11.555555555555555,63.544444444444444,37.6,1.1422222222222222,2.8222222222222224,6.865555555555556,11.541111111111112,204.96666666666667,2.6014444444444447
1991-05-01,10.901075268817204,17.2494623655914,61.84946236559139,35.494623655913976,1.7752688172043012,4.516129032258065,7.2924731182795695,12.143010752688172,198.16129032258064,3.486236559139785
1991-06-01,13.408888888888889,19.02,68.62222222222222,42.96666666666667,3.3722222222222222,5.933333333333334,6.88,11.042222222222222,208.22222222222223,3.6756666666666664
1991-07-01,17.258064516129032,23.443010752688174,59.01075268817204,34.064516129032256,0.9774193548387097,2.268817204301075,7.458064516129032,12.14516129032258,216.17204301075267,4.471720430107527
1991-08-01,18.203225806451613,24.30322580645161,62.88172043010753,36.67741935483871,1.8946236559139786,3.4946236559139785,7.386021505376344,12.635483870967741,194.93548387096774,3.7229032258064514
1991-09-01,13.366666666666667,19.74777777777778,65.56666666666666,38.4,0.6877777777777777,1.5111111111111113,7.326666666666667,12.071111111111112,221.03333333333333,2.573
1991-10-01,4.434408602150538,9.844086021505378,65.6774193548387,42.95698924731183,1.2268817204301077,2.666666666666667,8.779569892473118,13.259139784946235,236.6989247311828,1.3664516129032258
1991-11-01,-3.108888888888889,0.6677777777777778,84.16666666666667,71.28888888888888,2.33,5.188888888888888,8.646666666666667,13.102222222222222,180.92222222222225,0.4011111111111111
1991-12-01,-4.931182795698925,-1.6935483870967742,84.0752688172043,73.03225806451613,1.4182795698924733,3.8172043010752685,9.429032258064517,13.489247311827958,167.09677419354838,0.2829032258064516
1992-01-01,-3.6763440860215053,-0.41935483870967744,84.53763440860214,73.58064516129032,1.9010752688172043,4.838709677419355,8.920430107526883,12.595698924731185,171.08602150537635,0.3338709677419355
1992-02-01,-3.2655172413793103,1.403448275862069,80.62068965517241,64.57471264367817,0.9137931034482759,2.793103448275862,7.505747126436781,11.150574712643678,177.63218390804596,0.6688505747126438
1992-03-01,2.551612903225806,8.876344086021506,68.3978494623656,44.75268817204301,0.3204301075268817,1.118279569892473,6.476344086021505,10.070967741935483,193.38709677419354,1.676021505376344
1992-04-01,6.108888888888889,12.492222222222221,62.0,35.58888888888889,1.3088888888888888,3.1777777777777776,8.117777777777778,13.714444444444444,192.06666666666666,2.488888888888889
1992-05-01,10.964516129032258,17.736559139784948,54.68817204301075,29.655913978494624,0.9053763440860215,2.6774193548387095,8.31505376344086,13.250537634408602,216.8494623655914,3.821182795698925
1992-06-01,17.266666666666666,23.461111111111112,57.27777777777778,33.1,1.7033333333333334,2.6777777777777776,7.108888888888889,11.406666666666666,217.94444444444443,4.442777777777778
1992-07-01,17.470967741935485,23.068817204301077,62.086021505376344,36.215053763440864,1.664516129032258,2.795698924731183,5.89247311827957,9.861290322580645,216.4516129032258,4.21236559139785
1992-08-01,17.38279569892473,24.00537634408602,54.9247311827957,28.79569892473118,0.9741935483870967,1.935483870967742,7.058064516129033,10.927956989247312,207.13978494623655,4.016451612903226
1992-09-01,9.28888888888889,15.016666666666667,67.87777777777778,40.955555555555556,1.9933333333333332,4.777777777777778,8.71111111111111,14.078888888888889,212.44444444444443,2.07
1992-10-01,5.393548387096774,10.034408602150538,73.29032258064517,51.36559139784946,1.3161290322580645,3.5053763440860215,8.325806451612904,12.976344086021506,182.95698924731184,1.153978494623656
1992-11-01,-1.6544444444444444,1.5455555555555556,83.77777777777779,70.11111111111111,2.0100000000000002,4.422222222222222,8.078888888888889,11.786666666666667,180.57777777777775,0.4244444444444444
1992-12-01,-12.538709677419355,-8.475268817204302,79.51612903225806,69.02150537634408,1.5290322580645161,5.129032258064516,7.564516129032258,11.108602150537635,190.80645161290323,0.20064516129032256
1993-01-01,-13.623655913978494,-8.640860215053763,76.20430107526882,62.66666666666667,0.8311827956989247,2.5913978494623655,7.686021505376344,10.797849462365592,195.78494623655914,0.2735483870967742
1993-02-01,-6.733333333333333,-1.152380952380952,72.20238095238095,54.976190476190474,0.18095238095238095,0.869047619047619,8.042857142857143,11.366666666666665,211.04761904761904,0.6763095238095238
1993-03-01,-0.0817204301075269,5.276344086021505,64.39784946236558,43.01075268817204,0.7086021505376343,2.3225806451612905,8.464516129032258,13.312903225806451,182.21505376344086,1.4706451612903226
1993-04-01,4.851111111111111,10.583333333333334,71.24444444444445,43.55555555555556,1.6666666666666667,4.366666666666666,6.803333333333333,11.266666666666667,166.7111111111111,2.191777777777778
1993-05-01,13.494623655913978,20.372043010752687,59.817204301075265,33.25806451612903,1.0666666666666669,2.7526881720430105,7.334408602150538,11.821505376344087,164.60215053763443,3.8484946236559137
1993-06-01,14.020000000000001,19.717777777777776,67.16666666666667,40.011111111111106,3.736666666666667,5.366666666666666,7.239999999999999,12.347777777777777,203.22222222222223,3.6647777777777777
1993-07-01,14.548387096774194,19.553763440860212,73.3225806451613,48.15053763440861,3.2408602150537633,5.204301075268818,6.270967741935484,9.997849462365592,243.4301075268817,3.4923655913978497
1993-08-01,15.758064516129032,21.42795698924731,70.38709677419355,44.32258064516129,1.6591397849462364,3.161290322580645,6.065591397849462,10.212903225806452,220.89247311827958,3.281182795698925
1993-09-01,12.876666666666667,19.266666666666666,65.42222222222223,38.266666666666666,0.9433333333333334,1.8888888888888888,7.0566666666666675,11.352222222222222,233.46666666666667,2.6285555555555558
1993-10-01,6.741935483870968,11.836559139784946,78.33333333333334,54.84946236559139,1.224731182795699,2.5698924731182795,7.343010752688172,10.791397849462365,191.8709677419355,1.229032258064516
1993-11-01,-2.508888888888889,1.3300000000000003,77.57777777777778,62.77777777777778,1.2577777777777779,3.2666666666666666,9.085555555555555,12.97,202.42222222222225,0.4967777777777778
1993-12-01,-4.821505376344086,-1.1516129032258062,84.93548387096774,73.73118279569891,1.7043010752688172,4.236559139784946,8.31505376344086,12.05483870967742,185.65591397849462,0.2581720430107527
1994-01-01,-7.581720430107527,-4.418279569892473,83.58064516129032,73.35483870967742,2.260215053763441,6.258064516129032,6.60752688172043,9.395698924731182,175.94623655913978,0.2661290322580645
1994-02-01,-11.354761904761904,-6.392857142857143,76.53571428571429,59.92857142857143,1.7273809523809525,6.0,7.703571428571428,11.248809523809525,192.61904761904762,0.4588095238095238
1994-03-01,0.7462365591397849,6.662365591397849,71.97849462365592,48.3010752688172,0.9161290322580645,2.8172043010752685,8.252688172043012,12.811827956989248,195.5483870967742,1.5451612903225806
1994-04-01,6.217777777777778,12.275555555555554,64.76666666666667,40.44444444444444,1.078888888888889,3.011111111111111,7.857777777777778,12.451111111111112,174.1888888888889,2.488111111111111
1994-05-01,11.40752688172043,17.809677419354838,57.6989247311828,32.053763440860216,0.9548387096774194,2.666666666666667,7.84731182795699,12.872043010752689,194.06451612903226,3.7512903225806453
1994-06-01,14.333333333333334,20.354444444444443,64.02222222222223,37.74444444444444,2.5155555555555558,4.6,7.147777777777778,12.037777777777778,217.8111111111111,3.8603333333333336
1994-07-01,18.887096774193548,25.21720430107527,59.27956989247312,34.526881720430104,1.7956989247311828,2.7849462365591395,7.097849462365591,11.04516129032258,226.76344086021507,4.561612903225806
1994-08-01,18.153763440860214,24.510752688172044,61.3010752688172,33.806451612903224,1.353763440860215,1.946236559139785,5.924731182795699,9.973118279569894,181.13978494623655,3.8384946236559143
1994-09-01,14.184444444444443,20.357777777777777,63.25555555555556,36.12222222222223,0.948888888888889,2.1333333333333333,7.833333333333333,12.866666666666667,208.96666666666667,2.666
1994-10-01,5.474193548387096,10.080645161290322,74.58064516129032,49.83870967741935,1.9967741935483871,3.8602150537634405,8.618279569892474,13.301075268817204,195.50537634408605,1.1903225806451612
1994-11-01,-4.128888888888889,-0.5855555555555555,79.77777777777779,65.53333333333333,2.0188888888888887,5.955555555555555,9.686666666666666,14.053333333333333,185.2111111111111,0.42733333333333334
1994-12-01,-7.890322580645161,-4.073118279569893,82.63440860215053,72.6236559139785,1.5236559139784946,4.0,8.704301075268816,11.919354838709678,179.18279569892474,0.2404301075268817
1995-01-01,-9.10215053763441,-4.58494623655914,81.83870967741936,69.80645161290323,0.8999999999999999,2.6129032258064515,5.751612903225807,8.161290322580646,158.04301075268816,0.264516129032258
1995-02-01,-5.228571428571429,0.3142857142857142,76.20238095238095,58.80952380952381,1.1785714285714286,3.8452380952380953,7.684523809523809,11.980952380952383,192.86904761904762,0.6358333333333334
1995-03-01,-2.3731182795698924,3.4591397849462364,71.65591397849462,49.645161290322584,0.8989247311827957,3.129032258064516,7.243010752688172,11.140860215053763,160.6451612903226,1.3182795698924732
1995-04-01,4.091111111111111,9.684444444444445,67.67777777777778,42.06666666666667,1.0744444444444445,3.5777777777777775,7.3133333333333335,12.116666666666667,186.88888888888889,2.2665555555555557
1995-05-01,11.65268817204301,18.491397849462366,58.55913978494623,31.93548387096774,0.9956989247311828,2.6129032258064515,6.836559139784947,11.453763440860214,221.08602150537635,3.92752688172043
1995-06-01,15.581111111111111,21.59,60.12222222222223,34.922222222222224,1.7322222222222223,3.6444444444444444,7.141111111111111,11.715555555555556,214.16666666666666,4.163666666666667
1995-07-01,16.82043010752688,22.50752688172043,64.53763440860216,39.0,2.6376344086021506,4.354838709677419,6.953763440860215,11.084946236559139,226.03225806451613,3.9407526881720427
1995-08-01,13.87741935483871,19.241935483870968,70.02150537634408,42.473118279569896,1.5838709677419356,3.698924731182796,6.444086021505376,10.6,213.44086021505376,3.0895698924731185
1995-09-01,14.761111111111111,21.285555555555558,64.05555555555556,35.577777777777776,0.6055555555555556,1.5444444444444443,6.443333333333333,10.108888888888888,198.63333333333333,2.7822222222222224
1995-10-01,4.851612903225806,8.95483870967742,76.6774193548387,52.096774193548384,2.0548387096774197,4.774193548387097,8.806451612903226,13.565591397849463,194.94623655913978,1.0693548387096774
1995-11-01,-3.2688888888888887,-0.10333333333333332,83.51111111111112,71.28888888888888,4.025555555555555,7.777777777777777,7.757777777777778,11.143333333333334,164.87777777777777,0.376
1995-12-01,-9.872043010752689,-6.358064516129032,83.50537634408602,72.3978494623656,1.6,3.978494623655914,7.603225806451612,10.913978494623656,166.05376344086022,0.20397849462365591
1996-01-01,-15.243010752688171,-11.049462365591397,77.21505376344085,64.53763440860216,1.717204301075269,5.817204301075269,7.418279569892473,10.6247311827957,212.39784946236557,0.21440860215053764
1996-02-01,-6.016091954022989,-0.5712643678160918,75.59770114942529,56.74712643678161,1.0149425287356322,3.4827586206896552,7.891954022988506,11.61609195402299,179.90804597701148,0.6537931034482759
1996-03-01,-3.2462365591397853,2.8666666666666663,70.08602150537634,47.892473118279575,0.8623655913978495,4.129032258064516,8.156989247311829,12.639784946236558,194.29032258064515,1.2631182795698925
1996-04-01,4.142222222222222,9.444444444444445,70.58888888888889,46.14444444444444,1.72,5.544444444444445,8.488888888888889,13.602222222222222,182.4888888888889,2.1643333333333334
1996-05-01,7.295698924731182,12.795698924731184,68.33333333333334,41.55913978494623,2.6258064516129034,8.096774193548388,6.468817204301075,10.286021505376345,200.86021505376345,2.825376344086022
1996-06-01,13.116666666666667,18.790000000000003,62.81111111111111,38.011111111111106,1.7733333333333332,5.122222222222222,7.677777777777778,12.483333333333333,219.84444444444443,3.8858888888888887
1996-07-01,17.198924731182796,23.686021505376342,60.60215053763441,35.16129032258065,2.143010752688172,3.935483870967742,7.315053763440861,12.086021505376344,215.21505376344086,4.373440860215053
1996-08-01,16.883870967741935,23.488172043010753,62.16129032258065,34.86021505376344,2.064516129032258,3.4086021505376345,7.482795698924731,12.608602150537635,205.58064516129033,3.7016129032258065
1996-09-01,10.34,15.7,74.33333333333333,46.977777777777774,2.8277777777777775,6.166666666666667,6.594444444444445,10.206666666666667,181.23333333333332,1.9367777777777777
1996-10-01,3.434408602150538,8.086021505376344,77.54838709677419,56.9247311827957,2.274193548387097,6.268817204301076,8.824731182795698,13.33548387096774,192.70967741935485,1.044731182795699
1996-11-01,-6.761111111111111,-3.411111111111111,84.4,72.74444444444445,2.901111111111111,9.777777777777777,7.545555555555556,10.763333333333332,189.7888888888889,0.30877777777777776
1996-12-01,-13.283870967741937,-9.837634408602149,80.90322580645162,71.18279569892472,2.041935483870968,7.290322580645161,7.577419354838709,10.766666666666666,193.70967741935485,0.1732258064516129
1997-01-01,-9.816129032258065,-5.888172043010752,79.91397849462366,68.76344086021506,2.1236559139784945,5.064516129032258,7.679569892473118,10.810752688172043,193.96774193548387,0.2735483870967742
1997-02-01,-4.058333333333334,0.719047619047619,78.38095238095238,60.5,1.0976190476190477,3.3690476190476195,6.847619047619047,10.159523809523808,202.21428571428572,0.649047619047619
1997-03-01,-2.9408602150537635,1.9688172043010752,72.97849462365592,50.60215053763441,1.6677419354838707,5.139784946236559,9.111827956989247,13.776344086021505,169.39784946236557,1.1831182795698925
1997-04-01,2.4811111111111113,8.145555555555555,67.44444444444444,42.7,1.3444444444444446,2.966666666666667,8.018888888888888,13.131111111111112,188.06666666666666,2.2567777777777778
1997-05-01,10.006451612903225,16.287096774193547,66.0215053763441,40.56989247311828,1.7946236559139785,4.21505376344086,7.488172043010753,12.060215053763441,191.5483870967742,3.355698924731183
1997-06-01,13.893333333333334,19.523333333333333,65.32222222222222,38.56666666666667,2.4533333333333336,4.688888888888888,7.478888888888889,12.321111111111112,199.54444444444442,3.86
1997-07-01,16.429032258064517,22.225806451612904,67.68817204301075,40.96774193548387,2.976344086021505,4.161290322580645,6.944086021505376,11.4247311827957,207.82795698924733,3.9888172043010752
1997-08-01,17.563440860215056,23.710752688172043,63.63440860215054,37.193548387096776,1.035483870967742,1.967741935483871,7.082795698924731,11.778494623655913,197.17204301075267,3.769462365591398
1997-09-01,12.956666666666667,18.962222222222223,70.85555555555555,42.833333333333336,2.302222222222222,3.788888888888889,7.605555555555555,12.287777777777778,167.03333333333333,2.338
1997-10-01,3.9526881720430107,8.16236559139785,80.86021505376344,59.67741935483871,2.417204301075269,5.913978494623656,8.290322580645162,12.415053763440861,186.63440860215056,0.8850537634408603
1997-11-01,0.18333333333333338,3.5766666666666667,82.64444444444445,64.24444444444444,1.0844444444444443,2.9222222222222225,7.004444444444444,10.391111111111112,175.34444444444443,0.47044444444444444
1997-12-01,-2.570967741935484,0.4032258064516129,80.52688172043011,67.54838709677419,1.0473118279569893,2.946236559139785,9.73225806451613,13.168817204301076,177.36559139784944,0.37129032258064515
1998-01-01,-11.003225806451612,-6.648387096774194,80.30107526881721,68.89247311827957,1.4365591397849462,4.526881720430108,7.2602150537634405,10.310752688172043,176.752688172043,0.27602150537634407
1998-02-01,-2.3607142857142853,2.394047619047619,79.86904761904762,62.273809523809526,0.5511904761904762,2.3095238095238098,7.251190476190476,11.20595238095238,153.23809523809524,0.6882142857142857
1998-03-01,-0.3387096774193549,4.754838709677419,72.78494623655915,51.6989247311828,1.2763440860215052,3.78494623655914,7.173118279569893,11.11505376344086,188.95698924731184,1.3108602150537634
1998-04-01,5.467777777777778,11.364444444444445,62.22222222222222,36.61111111111111,0.8411111111111111,2.2222222222222223,7.0922222222222215,11.318888888888889,215.57777777777775,2.6154444444444445
1998-05-01,13.744086021505376,20.60430107526882,61.053763440860216,33.96774193548387,1.3419354838709678,2.8817204301075265,6.762365591397849,11.209677419354838,192.93548387096774,3.9013978494623656
1998-06-01,15.386666666666667,21.076666666666664,62.28888888888889,36.233333333333334,1.651111111111111,3.444444444444444,6.852222222222222,11.163333333333332,245.77777777777777,4.034777777777778
1998-07-01,19.393548387096775,25.440860215053764,62.3010752688172,36.58064516129032,1.5956989247311828,2.5806451612903225,6.88494623655914,11.196774193548388,212.752688172043,4.464838709677419
1998-08-01,18.846236559139786,25.519354838709678,53.59139784946236,28.333333333333336,0.43978494623655917,1.0,7.360215053763441,12.08279569892473,215.67741935483872,4.2189247311827955
1998-09-01,14.443333333333333,20.83888888888889,58.15555555555556,30.311111111111114,0.7444444444444446,1.7111111111111112,6.989999999999999,11.666666666666666,225.87777777777777,2.7976666666666663
1998-10-01,5.894623655913979,10.550537634408602,78.30107526881721,56.04301075268817,2.2021505376344086,4.881720430107527,8.527956989247311,12.558064516129033,178.3010752688172,1.1092473118279569
1998-11-01,-1.3022222222222224,1.7155555555555553,85.91111111111111,73.47777777777779,2.5055555555555555,6.522222222222222,7.205555555555555,10.417777777777777,152.95555555555558,0.3824444444444444
1998-12-01,-8.021505376344086,-4.6,81.75268817204302,71.05376344086021,2.261290322580645,6.21505376344086,8.744086021505376,12.416129032258064,183.8494623655914,0.23817204301075268
1999-01-01,-8.134408602150538,-4.38494623655914,82.26881720430109,70.93548387096774,2.2559139784946236,6.440860215053763,7.549462365591398,11.129032258064516,184.33333333333331,0.267741935483871
1999-02-01,-4.445238095238095,0.13333333333333325,78.67857142857143,61.23809523809524,1.7476190476190474,5.345238095238095,9.222619047619048,13.936904761904762,155.05952380952382,0.6571428571428571
1999-03-01,-0.8311827956989247,3.989247311827957,74.6021505376344,52.064516129032256,0.9182795698924731,3.204301075268817,8.265591397849462,12.600000000000001,168.59139784946237,1.317741935483871
1999-04-01,3.698888888888889,9.20111111111111,66.96666666666667,42.58888888888889,0.841111111111111,2.6222222222222222,8.122222222222222,12.671111111111111,213.9,2.3288888888888892
1999-05-01,8.080645161290322,14.20752688172043,62.483870967741936,37.24731182795699,1.749462365591398,4.290322580645161,8.387096774193548,13.002150537634408,217.5268817204301,3.2195698924731184
1999-06-01,12.722222222222223,18.324444444444445,65.63333333333334,39.44444444444444,2.4944444444444445,4.955555555555555,7.427777777777778,12.035555555555556,206.85555555555555,3.5806666666666667
1999-07-01,15.610752688172044,21.98709677419355,62.806451612903224,35.41935483870968,1.881720430107527,3.6451612903225805,7.720430107526881,12.254838709677419,225.73118279569894,4.04741935483871
1999-08-01,18.006451612903227,24.78279569892473,59.064516129032256,31.602150537634408,1.0591397849462367,2.193548387096774,7.206451612903226,11.639784946236558,188.86021505376345,3.896774193548387
1999-09-01,12.093333333333334,18.07111111111111,63.88888888888889,35.14444444444444,1.18,2.777777777777778,7.211111111111111,11.43222222222222,195.13333333333333,2.518777777777778
1999-10-01,5.566666666666666,10.534408602150538,69.6774193548387,43.55913978494623,1.238709677419355,2.8494623655913975,9.312903225806451,14.048387096774194,192.38709677419354,1.376021505376344
1999-11-01,-0.15555555555555556,3.3344444444444443,82.82222222222222,68.28888888888888,2.4033333333333338,6.166666666666667,8.705555555555556,12.577777777777778,171.96666666666667,0.48777777777777775
1999-12-01,-4.6752688172043015,-1.032258064516129,83.96774193548387,72.68817204301075,1.5784946236559139,4.096774193548387,9.16451612903226,12.889247311827956,183.70967741935485,0.2783870967741936
2000-01-01,-10.070967741935483,-5.682795698924731,79.06451612903226,65.29032258064517,1.167741935483871,4.053763440860215,7.3634408602150545,10.775268817204301,167.80645161290323,0.2990322580645161
2000-02-01,-5.5183908045977015,-0.01034482758620692,77.29885057471265,59.195402298850574,0.7850574712643678,2.6666666666666665,7.066666666666666,9.979310344827585,185.6206896551724,0.6548275862068966
2000-03-01,-0.39784946236559143,4.404301075268817,72.65591397849462,50.526881720430104,1.3193548387096774,4.247311827956989,8.53978494623656,12.988172043010753,178.9784946236559,1.3019354838709678
2000-04-01,4.098888888888889,9.843333333333334,63.03333333333333,39.922222222222224,1.1222222222222222,3.011111111111111,8.164444444444445,13.198888888888888,185.7,2.4164444444444446
2000-05-01,8.64516129032258,14.383870967741935,63.75268817204301,37.46236559139785,1.8311827956989246,4.774193548387097,7.40752688172043,11.698924731182796,199.3010752688172,3.1639784946236555
2000-06-01,13.761111111111111,19.50222222222222,64.25555555555556,37.03333333333333,2.3877777777777776,4.633333333333334,7.194444444444445,11.835555555555555,210.82222222222222,3.8332222222222225
2000-07-01,16.491397849462366,22.19677419354839,67.6021505376344,41.33333333333333,2.7795698924731185,4.32258064516129,6.60752688172043,10.96021505376344,215.6989247311828,3.9249462365591397
2000-08-01,15.727956989247312,21.858064516129033,64.65591397849462,37.56989247311828,1.7376344086021505,3.5161290322580645,7.360215053763441,11.933333333333334,230.6989247311828,3.4283870967741934
2000-09-01,11.097777777777777,16.741111111111113,70.31111111111112,44.05555555555556,1.801111111111111,3.8555555555555556,8.056666666666667,12.610000000000001,199.45555555555558,2.0965555555555557
2000-10-01,5.246236559139785,9.911827956989248,74.58064516129032,51.064516129032256,1.6655913978494623,3.838709677419355,7.89247311827957,12.25268817204301,193.18279569892474,1.150752688172043
2000-11-01,-1.6322222222222222,1.6566666666666665,79.67777777777778,65.13333333333334,0.8077777777777778,2.4,8.137777777777778,11.45,192.95555555555558,0.46244444444444444
2000-12-01,-8.834408602150537,-4.731182795698924,80.56989247311827,68.75268817204302,0.9268817204301075,2.763440860215054,6.991397849462365,10.350537634408603,178.7741935483871,0.2239784946236559
2001-01-01,-4.433333333333334,0.023655913978494626,79.41935483870968,64.93548387096774,0.6021505376344086,2.182795698924731,8.558064516129033,12.33548387096774,185.38709677419354,0.3911827956989247
2001-02-01,-7.6309523809523805,-1.5535714285714286,72.05952380952381,52.61904761904761,0.3904761904761905,1.6428571428571428,7.0249999999999995,10.521428571428572,198.58333333333331,0.6596428571428571
2001-03-01,-0.8838709677419354,4.463440860215054,66.6021505376344,43.935483870967744,1.09247311827957,3.2795698924731185,8.481720430107528,13.370967741935484,185.58064516129033,1.3691397849462366
2001-04-01,3.832222222222222,9.505555555555556,64.24444444444444,40.11111111111111,1.2533333333333334,3.966666666666667,8.256666666666666,13.275555555555554,203.9,2.3308888888888886
2001-05-01,9.973118279569894,16.63010752688172,57.02150537634409,30.13978494623656,1.6172043010752688,3.6451612903225805,9.018279569892472,15.06989247311828,227.31182795698925,3.4922580645161285
2001-06-01,12.763333333333334,18.470000000000002,68.03333333333333,41.25555555555556,3.3,6.4,6.614444444444445,10.96111111111111,199.62222222222223,3.646666666666667
2001-07-01,16.598924731182798,22.453763440860214,64.46236559139784,39.41935483870968,2.268817204301075,4.10752688172043,6.644086021505377,10.836559139784946,234.53763440860217,3.9864516129032257
2001-08-01,17.544086021505375,23.99784946236559,61.946236559139784,34.16129032258065,1.1741935483870967,2.4623655913978495,7.36989247311828,11.926881720430108,199.9784946236559,3.8021505376344082
2001-09-01,13.101111111111113,19.294444444444444,62.17777777777778,34.05555555555556,1.15,2.077777777777778,8.21888888888889,13.374444444444444,205.42222222222225,2.667222222222222
2001-10-01,4.397849462365592,8.759139784946237,72.88172043010753,49.3010752688172,2.063440860215054,4.946236559139785,8.959139784946236,13.60215053763441,189.33333333333331,1.1606451612903226
2001-11-01,0.04777777777777784,3.292222222222222,79.52222222222221,65.3,1.6822222222222223,5.411111111111111,9.012222222222222,12.608888888888888,175.3,0.5406666666666666
2001-12-01,-8.761290322580646,-4.773118279569893,83.17204301075269,71.87096774193549,1.7451612903225806,5.096774193548387,7.636559139784946,11.105376344086022,166.5698924731183,0.22494623655913978
2002-01-01,-7.710752688172043,-3.5397849462365594,82.12903225806451,69.96774193548387,1.375268817204301,4.279569892473118,7.854838709677419,11.325806451612904,195.6451612903226,0.2805376344086022
2002-02-01,-4.436904761904762,0.42976190476190473,76.88095238095238,58.273809523809526,1.1488095238095237,3.619047619047619,9.05,13.005952380952381,195.25,0.6592857142857144
2002-03-01,-6.795698924731182,-1.2204301075268817,71.20430107526882,50.645161290322584,1.2946236559139785,3.8279569892473115,7.451612903225806,11.531182795698927,204.3548387096774,1.0187096774193547
2002-04-01,1.6088888888888888,7.1,68.96666666666667,45.34444444444444,1.2188888888888887,3.344444444444444,7.3100000000000005,11.93888888888889,199.47777777777776,2.082333333333333
2002-05-01,8.059139784946236,14.098924731182796,61.62365591397849,36.43010752688172,2.116129032258064,4.483870967741935,8.011827956989247,13.161290322580646,201.50537634408605,3.0810752688172043
2002-06-01,15.881111111111112,22.13,56.82222222222222,32.4,1.59,3.1444444444444444,7.445555555555556,12.331111111111111,220.73333333333332,4.4912222222222224
2002-07-01,17.39462365591398,23.853763440860217,57.67741935483871,32.72043010752688,1.653763440860215,2.774193548387097,7.823655913978494,12.544086021505377,236.74193548387098,4.379784946236559
2002-08-01,16.627956989247313,22.990322580645163,57.903225806451616,31.623655913978496,0.6279569892473118,1.5483870967741935,7.491397849462365,12.143010752688172,231.34408602150538,3.715913978494624
2002-09-01,11.395555555555555,16.894444444444442,67.96666666666667,39.333333333333336,1.6955555555555555,3.188888888888889,7.803333333333333,12.924444444444445,224.94444444444443,2.2065555555555556
2002-10-01,4.876344086021505,9.611827956989247,75.55913978494624,50.9247311827957,0.8118279569892474,1.8602150537634408,6.6688172043010745,10.225806451612904,195.68817204301075,1.1572043010752688
2002-11-01,0.7355555555555555,4.3,84.13333333333334,68.45555555555555,1.2244444444444444,3.611111111111111,8.268888888888888,11.697777777777778,172.54444444444442,0.4627777777777778
2002-12-01,-2.9397849462365593,-0.20752688172043018,83.1505376344086,71.12903225806451,1.1720430107526882,2.935483870967742,7.745161290322581,10.796774193548387,155.86021505376345,0.2826881720430108
2003-01-01,-5.141935483870968,-1.4086021505376343,80.55913978494624,68.41935483870968,1.5774193548387097,4.440860215053763,7.955913978494624,11.39784946236559,167.39784946236557,0.3602150537634408
2003-02-01,-5.107142857142857,-0.4607142857142857,78.19047619047619,59.523809523809526,0.7928571428571429,2.892857142857143,6.136904761904762,9.302380952380952,187.95238095238096,0.6307142857142857
2003-03-01,-2.833333333333333,2.4204301075268817,72.47311827956989,49.473118279569896,1.7032258064516128,5.021505376344086,8.279569892473118,12.53010752688172,177.98924731182797,1.2165591397849462
2003-04-01,4.448888888888889,10.16111111111111,70.04444444444445,44.11111111111111,1.4411111111111112,4.411111111111111,7.552222222222222,12.37111111111111,160.7111111111111,2.1734444444444443
2003-05-01,9.361290322580645,15.395698924731182,59.62365591397849,34.27956989247312,1.0075268817204301,2.903225806451613,7.841935483870968,12.655913978494622,213.4516129032258,3.301290322580645
2003-06-01,15.47888888888889,21.614444444444448,55.266666666666666,31.455555555555556,1.6166666666666667,3.1666666666666665,7.862222222222221,12.502222222222223,235.11111111111111,4.3806666666666665
2003-07-01,18.348387096774193,24.9,56.0,30.93548387096774,1.527956989247312,2.806451612903226,7.155913978494624,11.754838709677419,235.11827956989248,4.685698924731183
2003-08-01,17.883870967741935,24.335483870967742,56.0,29.53763440860215,0.6258064516129032,1.2580645161290323,7.129032258064516,12.219354838709679,221.66666666666669,4.007634408602151
2003-09-01,12.547777777777778,18.47888888888889,63.88888888888889,36.455555555555556,1.2655555555555555,3.1333333333333333,7.816666666666666,12.741111111111111,207.57777777777775,2.494111111111111
2003-10-01,7.276344086021505,12.344086021505374,75.17204301075269,50.84946236559139,3.094623655913978,5.150537634408602,8.69247311827957,13.40752688172043,178.3763440860215,1.254731182795699
2003-11-01,-4.166666666666667,-0.43,77.5,61.6,1.901111111111111,4.044444444444444,8.184444444444445,11.881111111111112,196.61111111111111,0.45811111111111114
2003-12-01,-6.208602150537635,-2.593548387096774,83.18279569892472,71.50537634408602,0.8215053763440859,3.0860215053763445,8.506451612903225,12.034408602150538,164.09677419354838,0.2695698924731183
2004-01-01,-10.591397849462364,-6.418279569892473,80.76344086021506,69.91397849462366,1.5075268817204301,4.956989247311828,7.409677419354838,10.596774193548388,193.65591397849462,0.2421505376344086
2004-02-01,-3.78735632183908,1.5551724137931036,79.28735632183908,60.45977011494253,0.45862068965517244,1.9195402298850575,6.85287356321839,9.839080459770114,168.5632183908046,0.683448275862069
2004-03-01,0.38494623655913973,6.020430107526882,69.68817204301075,47.193548387096776,1.2548387096774194,3.526881720430108,9.279569892473118,14.978494623655914,189.38709677419354,1.4524731182795698
2004-04-01,6.635555555555555,13.572222222222223,58.78888888888889,34.41111111111111,0.9233333333333335,2.2666666666666666,7.581111111111111,12.8,213.4888888888889,2.7733333333333334
2004-05-01,10.270967741935484,16.239784946236558,59.86021505376343,34.27956989247312,1.9623655913978495,4.161290322580645,6.963440860215054,11.70752688172043,217.1290322580645,3.356989247311828
2004-06-01,16.534444444444443,22.82888888888889,57.788888888888884,32.84444444444445,1.6766666666666665,2.888888888888889,6.325555555555556,10.727777777777778,186.7888888888889,4.4784444444444444
2004-07-01,18.81935483870968,24.904301075268815,60.0752688172043,35.0752688172043,1.6333333333333333,2.666666666666667,6.625806451612903,10.952688172043011,224.33333333333331,4.5041935483870965
2004-08-01,17.81505376344086,23.59032258064516,66.13978494623656,39.645161290322584,2.397849462365591,3.838709677419355,5.734408602150537,9.278494623655913,178.752688172043,3.4099999999999997
2004-09-01,10.183333333333334,15.027777777777777,74.57777777777778,50.55555555555556,3.3255555555555554,5.966666666666667,8.03,12.814444444444444,204.25555555555556,1.896777777777778
2004-10-01,4.910752688172043,9.655913978494622,75.49462365591398,54.215053763440864,1.4978494623655914,4.129032258064516,8.895698924731182,13.426881720430108,193.61290322580646,1.192688172043011
2004-11-01,-0.13555555555555554,3.21,80.27777777777779,65.32222222222222,2.1044444444444443,4.9,8.963333333333333,12.919999999999998,184.65555555555557,0.4726666666666667
2004-12-01,-4.968817204301075,-1.156989247311828,78.86021505376344,67.7741935483871,1.8580645161290323,5.505376344086021,8.927956989247312,12.955913978494623,167.7741935483871,0.298494623655914
2005-01-01,-10.723655913978495,-6.422580645161291,78.36559139784947,66.87096774193549,1.8731182795698926,4.612903225806452,7.6365591397849455,10.797849462365592,194.3548387096774,0.2653763440860215
2005-02-01,-3.2214285714285715,2.623809523809524,65.70238095238095,48.36904761904761,0.4797619047619048,1.619047619047619,7.778571428571429,11.335714285714285,202.85714285714286,0.8651190476190476
2005-03-01,1.6419354838709679,7.229032258064516,65.6236559139785,42.27956989247312,1.1301075268817204,3.075268817204301,8.93010752688172,13.88494623655914,181.6236559139785,1.5469892473118279
2005-04-01,6.87,13.356666666666666,56.58888888888889,29.933333333333334,1.051111111111111,2.5777777777777775,8.491111111111111,14.071111111111112,163.92222222222225,2.8982222222222225
2005-05-01,12.680645161290323,19.198924731182796,57.56989247311828,31.172043010752688,1.3150537634408601,2.795698924731183,6.918279569892473,11.03225806451613,171.2043010752688,3.864301075268817
2005-06-01,14.068888888888889,19.81222222222222,68.48888888888888,40.3,2.841111111111111,5.611111111111112,5.857777777777778,9.82,195.65555555555557,3.579222222222222
2005-07-01,16.411827956989246,22.312903225806455,63.31182795698925,37.58064516129032,1.9763440860215054,3.5698924731182795,7.564516129032258,12.666666666666668,226.95698924731184,4.182688172043011
2005-08-01,16.88817204301075,23.225806451612904,58.95698924731183,32.365591397849464,0.9591397849462366,1.8924731182795698,7.370967741935484,11.995698924731183,237.46236559139783,3.861505376344086
2005-09-01,11.047777777777778,16.167777777777776,69.11111111111111,42.05555555555556,1.3633333333333333,3.033333333333333,7.485555555555555,11.96,234.27777777777777,2.2328888888888887
2005-10-01,5.986021505376344,10.478494623655914,77.88172043010753,53.913978494623656,1.9010752688172043,4.440860215053763,8.419354838709678,12.655913978494622,162.90322580645162,1.0853763440860216
2005-11-01,-0.3022222222222222,2.951111111111111,78.08888888888889,62.455555555555556,1.501111111111111,3.811111111111111,8.737777777777778,12.658888888888889,167.9,0.5292222222222223
2005-12-01,-4.7397849462365595,-1.596774193548387,82.10752688172043,71.33333333333334,0.8903225806451613,2.7849462365591395,8.013978494623656,11.043010752688172,169.5698924731183,0.2618279569892473
2006-01-01,-4.267741935483872,-0.2376344086021505,83.97849462365592,72.63440860215053,1.7516129032258065,4.763440860215053,8.265591397849462,12.066666666666666,159.7956989247312,0.3373118279569893
2006-02-01,-5.598809523809523,-0.032142857142857126,72.33333333333333,51.91666666666667,1.2714285714285716,3.5714285714285716,8.128571428571428,12.176190476190476,203.28571428571428,0.6671428571428571
2006-03-01,-2.801075268817204,2.6903225806451614,72.01075268817205,50.354838709677416,0.7602150537634409,2.6559139784946235,7.565591397849462,11.782795698924732,175.95698924731184,1.2331182795698925
2006-04-01,6.166666666666667,12.58222222222222,60.2,35.21111111111111,0.77,2.611111111111111,8.017777777777777,13.092222222222222,197.54444444444442,2.6495555555555557
2006-05-01,11.498924731182795,18.247311827956988,56.70967741935484,29.93548387096774,1.60752688172043,3.268817204301075,7.253763440860215,12.24731182795699,214.31182795698925,3.686451612903226
2006-06-01,16.37333333333333,22.53666666666667,54.455555555555556,30.688888888888886,1.031111111111111,2.3666666666666667,7.28,11.882222222222222,204.38888888888889,4.593999999999999
2006-07-01,19.431182795698923,26.03978494623656,54.67741935483871,28.311827956989244,1.4161290322580644,2.4516129032258065,6.76989247311828,11.663440860215054,219.18279569892474,4.6729032258064525
2006-08-01,17.36989247311828,23.933333333333334,52.97849462365591,26.946236559139788,0.4236559139784946,1.0430107526881722,6.723655913978495,11.344086021505378,243.39784946236557,4.040860215053764
2006-09-01,14.085555555555555,20.33888888888889,62.38888888888889,35.91111111111111,1.1911111111111112,2.7555555555555555,7.5311111111111115,11.896666666666667,206.83333333333334,2.677333333333333
2006-10-01,5.303225806451613,10.303225806451612,72.94623655913979,48.58064516129032,1.4817204301075269,3.032258064516129,7.412903225806452,11.66236559139785,211.65591397849462,1.2159139784946238
2006-11-01,-6.702222222222222,-3.054444444444444,78.65555555555555,65.5,3.143333333333333,7.455555555555555,8.55,12.422222222222222,171.5,0.3722222222222222
2006-12-01,-5.065591397849462,-1.5086021505376344,82.6774193548387,70.83870967741936,1.3666666666666667,3.6451612903225805,9.740860215053763,13.921505376344086,177.96774193548387,0.2936559139784946
2007-01-01,-7.305376344086022,-2.9268817204301074,79.46236559139786,65.95698924731182,1.778494623655914,4.483870967741935,9.297849462365592,13.298924731182796,197.16129032258064,0.33440860215053764
2007-02-01,-6.117857142857143,-1.7297619047619046,79.40476190476191,62.33333333333333,1.2750000000000001,4.333333333333334,6.826190476190476,10.258333333333335,178.5952380952381,0.5338095238095238
2007-03-01,-1.2311827956989247,3.729032258064516,73.21505376344085,51.204301075268816,1.5236559139784946,4.247311827956989,9.154838709677419,13.71505376344086,181.6989247311828,1.2118279569892474
2007-04-01,3.868888888888889,9.4,63.833333333333336,39.78888888888889,0.9022222222222223,2.888888888888889,8.226666666666667,13.432222222222224,185.96666666666667,2.268111111111111
2007-05-01,10.756989247311829,17.304301075268818,55.61290322580645,30.483870967741936,1.150537634408602,2.4623655913978495,7.73010752688172,13.13225806451613,222.3548387096774,3.769247311827957
2007-06-01,14.794444444444444,20.573333333333334,61.88888888888889,35.5,2.402222222222222,4.588888888888889,6.562222222222222,11.506666666666666,199.53333333333333,3.921222222222222
2007-07-01,19.53763440860215,25.872043010752687,53.96774193548387,29.43010752688172,0.8279569892473119,1.4408602150537633,7.519354838709678,12.16021505376344,224.59139784946237,4.753763440860215
2007-08-01,15.826881720430107,22.19462365591398,64.12903225806451,35.84946236559139,1.6731182795698925,3.5698924731182795,6.1956989247311824,10.192473118279569,216.73118279569894,3.376559139784946
2007-09-01,11.507777777777779,17.325555555555557,66.94444444444444,38.333333333333336,1.281111111111111,3.0222222222222217,7.402222222222222,12.248888888888889,225.33333333333334,2.320555555555556
2007-10-01,5.619354838709677,10.019354838709678,75.79569892473118,51.935483870967744,1.7,4.0,9.186021505376344,13.521505376344086,173.98924731182797,1.1419354838709677
2007-11-01,-1.588888888888889,1.7388888888888887,76.65555555555555,61.31111111111111,1.73,4.3,8.312222222222223,12.204444444444444,172.93333333333334,0.49622222222222223
2007-12-01,-8.778494623655913,-4.877419354838709,80.19354838709677,69.35483870967742,1.6838709677419357,4.838709677419355,8.196774193548388,11.46989247311828,175.33333333333331,0.2210752688172043
2008-01-01,-9.604301075268818,-5.088172043010752,79.70967741935483,65.60215053763442,0.9161290322580645,3.526881720430108,8.20752688172043,11.731182795698926,180.48387096774192,0.28258064516129033
2008-02-01,-5.933333333333334,-0.5977011494252873,76.29885057471265,57.85057471264368,0.942528735632184,2.9770114942528734,7.1609195402298855,10.714942528735632,186.9655172413793,0.6585057471264368
2008-03-01,-1.2397849462365593,3.781720430107527,70.61290322580645,46.935483870967744,0.8956989247311827,3.161290322580645,7.951612903225806,12.259139784946235,186.59139784946237,1.327741935483871
2008-04-01,1.981111111111111,7.518888888888889,61.2,38.94444444444444,0.8566666666666667,2.5777777777777775,8.737777777777778,13.43,202.82222222222222,2.1735555555555552
2008-05-01,11.14516129032258,17.53333333333333,62.204301075268816,36.11827956989247,1.4903225806451614,3.731182795698925,7.413978494623656,12.288172043010753,200.8709677419355,3.4155913978494623
2008-06-01,14.158888888888889,20.402222222222225,57.63333333333333,32.94444444444444,1.0955555555555556,2.9555555555555557,7.542222222222223,12.316666666666666,236.76666666666668,4.257444444444444
2008-07-01,18.291397849462363,24.688172043010756,51.107526881720425,26.967741935483872,0.8655913978494624,1.5913978494623657,7.678494623655914,12.810752688172043,232.83870967741936,4.815268817204301
2008-08-01,17.16021505376344,23.640860215053763,61.68817204301075,34.3010752688172,2.1978494623655913,3.8924731182795695,7.255913978494624,12.209677419354838,192.90322580645162,3.619462365591398
2008-09-01,12.734444444444446,18.683333333333334,64.97777777777777,36.41111111111111,0.5566666666666666,1.6111111111111112,6.7011111111111115,10.772222222222222,207.24444444444444,2.4526666666666666
2008-10-01,6.256989247311828,10.97741935483871,65.89247311827957,41.86021505376344,1.0010752688172042,2.5053763440860215,9.26774193548387,14.024731182795698,187.70967741935485,1.399032258064516
2008-11-01,0.6311111111111111,4.25,80.92222222222222,65.62222222222222,1.9822222222222223,4.677777777777777,8.674444444444445,12.887777777777778,175.2111111111111,0.491
2008-12-01,-11.89247311827957,-7.990322580645161,77.88172043010753,65.82795698924731,1.8419354838709678,5.075268817204301,7.768817204301076,11.472043010752689,183.03225806451613,0.21419354838709675
2009-01-01,-9.356989247311828,-4.83225806451613,74.19354838709677,61.29032258064516,1.3591397849462366,3.6129032258064515,8.404301075268815,11.941935483870967,208.63440860215056,0.34591397849462363
2009-02-01,-5.988095238095238,-0.9369047619047619,71.19047619047619,54.66666666666667,0.7750000000000001,2.166666666666667,7.121428571428572,10.58452380952381,173.10714285714286,0.6517857142857143
2009-03-01,-4.391397849462366,1.4258064516129034,68.13978494623656,45.29032258064516,1.3236559139784945,4.182795698924731,9.036559139784947,13.952688172043011,204.95698924731184,1.1781720430107527
2009-04-01,3.5122222222222224,9.273333333333333,62.833333333333336,38.86666666666667,0.7733333333333333,2.388888888888889,7.664444444444444,12.564444444444444,195.67777777777778,2.331888888888889
2009-05-01,9.832258064516129,16.56021505376344,56.86021505376344,30.516129032258064,1.3935483870967742,3.3440860215053765,7.756989247311828,12.912903225806453,211.67741935483872,3.6169892473118277
2009-06-01,15.72888888888889,22.18,49.75555555555556,25.32222222222222,1.0222222222222224,2.2222222222222223,7.678888888888889,12.503333333333332,218.6,4.759333333333333
2009-07-01,19.274193548387096,25.910752688172042,55.064516129032256,31.46236559139785,1.1795698924731184,2.032258064516129,6.774193548387097,11.133333333333333,227.9784946236559,4.740215053763441
2009-08-01,18.42795698924731,25.116129032258065,54.38709677419355,28.580645161290324,0.7913978494623656,1.4623655913978495,7.241935483870968,12.06989247311828,233.80645161290323,4.093655913978495
2009-09-01,14.52888888888889,21.144444444444446,63.28888888888889,35.6,1.5422222222222222,2.844444444444444,8.464444444444444,13.552222222222222,194.17777777777778,2.725777777777778
2009-10-01,3.4129032258064513,7.534408602150537,73.9247311827957,51.98924731182796,2.443010752688172,4.956989247311828,7.997849462365592,12.376344086021506,190.25806451612902,1.006989247311828
2009-11-01,-0.28222222222222215,3.0300000000000002,78.78888888888888,63.62222222222223,2.1566666666666667,5.644444444444445,10.224444444444446,14.65,178.0,0.5412222222222223
2009-12-01,-11.144086021505375,-7.046236559139785,76.65591397849462,65.89247311827957,0.7881720430107527,2.946236559139785,7.221505376344086,10.05483870967742,192.82795698924733,0.2296774193548387
2010-01-01,-5.353763440860215,-1.9182795698924733,79.46236559139786,68.6774193548387,1.0161290322580645,3.4086021505376345,7.205376344086022,10.281720430107528,144.21505376344086,0.34397849462365593
2010-02-01,-2.314285714285714,2.145238095238095,80.10714285714286,65.04761904761905,0.569047619047619,2.5,6.364285714285714,9.340476190476192,155.97619047619045,0.6765476190476191
2010-03-01,1.6795698924731182,7.098924731182795,66.30107526881721,43.6989247311828,0.889247311827957,2.731182795698925,8.90537634408602,13.787096774193548,178.48387096774192,1.5507526881720433
2010-04-01,5.753333333333333,11.984444444444446,57.94444444444444,32.12222222222222,0.8922222222222224,2.611111111111111,8.457777777777778,14.006666666666666,188.97777777777776,2.6358888888888887
2010-05-01,9.491397849462366,15.221505376344087,57.33333333333333,33.0,1.5698924731182797,3.774193548387097,7.45268817204301,12.629032258064516,194.8494623655914,3.3386021505376346
2010-06-01,14.447777777777778,20.425555555555555,58.3,32.855555555555554,1.5655555555555556,3.3555555555555556,7.188888888888888,11.842222222222222,218.05555555555557,4.2764444444444445
2010-07-01,18.374193548387098,25.283870967741933,51.204301075268816,26.49462365591398,0.8129032258064516,1.5913978494623657,7.67741935483871,12.55268817204301,254.7741935483871,4.803870967741935
2010-08-01,17.31935483870968,23.387096774193548,58.12903225806452,31.956989247311828,0.9784946236559139,2.2473118279569895,6.681720430107527,11.396774193548387,224.29032258064515,3.7144086021505376
2010-09-01,10.645555555555555,15.97,72.03333333333333,44.75555555555556,1.9944444444444445,4.522222222222222,7.425555555555556,11.554444444444444,190.54444444444442,2.0084444444444447
2010-10-01,7.402150537634409,12.189247311827957,72.3978494623656,49.88172043010753,0.8817204301075269,2.860215053763441,9.182795698924732,13.566666666666666,168.93548387096774,1.4146236559139784
2010-11-01,-2.996666666666667,0.8344444444444447,75.3,59.37777777777778,1.75,4.366666666666666,8.953333333333335,13.053333333333335,186.45555555555558,0.5384444444444444
2010-12-01,-8.678494623655915,-4.956989247311828,81.78494623655915,70.29032258064517,1.0870967741935484,3.720430107526882,7.644086021505377,10.59247311827957,153.72043010752688,0.2375268817204301
2011-01-01,-7.972043010752688,-4.082795698924731,80.09677419354838,68.3978494623656,2.1236559139784945,5.591397849462366,8.13225806451613,11.773118279569891,194.21505376344086,0.2964516129032258
2011-02-01,-8.703571428571427,-3.316666666666667,72.0,54.36904761904761,1.5845238095238094,4.5476190476190474,9.328571428571427,13.101190476190476,219.0,0.5546428571428571
2011-03-01,-3.4591397849462364,1.7731182795698925,74.51612903225806,51.61290322580645,1.3698924731182793,4.376344086021505,7.434408602150538,12.059139784946236,140.2258064516129,1.1641935483870967
2011-04-01,2.2444444444444445,7.224444444444445,66.55555555555556,41.233333333333334,1.1966666666666665,3.7444444444444445,7.748888888888889,12.746666666666666,218.62222222222223,2.1598888888888887
2011-05-01,9.735483870967743,15.711827956989247,65.9784946236559,39.36559139784946,2.3827956989247316,4.741935483870968,6.679569892473118,11.345161290322581,182.89247311827958,3.112043010752688
2011-06-01,13.645555555555555,19.314444444444444,66.38888888888889,41.2,2.95,5.066666666666666,7.056666666666667,11.472222222222223,227.7,3.6103333333333336
2011-07-01,15.382795698924731,20.872043010752687,66.76344086021506,42.96774193548387,3.1021505376344085,4.741935483870968,7.752688172043011,12.470967741935485,218.48387096774192,3.6803225806451616
2011-08-01,17.05268817204301,23.486021505376346,57.61290322580645,31.46236559139785,0.49247311827956985,0.9139784946236559,7.401075268817205,11.991397849462366,232.4086021505376,3.960537634408602
2011-09-01,14.415555555555555,20.702222222222225,59.15555555555556,33.577777777777776,1.0177777777777777,2.4555555555555557,9.129999999999999,14.80888888888889,203.85555555555555,2.8406666666666665
2011-10-01,5.989247311827957,10.331182795698924,73.73118279569891,50.13978494623656,1.235483870967742,2.967741935483871,8.476344086021506,12.673118279569893,180.90322580645162,1.1791397849462366
2011-11-01,-2.9322222222222223,0.5255555555555556,73.54444444444445,58.67777777777778,2.138888888888889,5.677777777777778,9.84,14.63888888888889,182.65555555555557,0.5461111111111111
2011-12-01,-3.403225806451613,0.22795698924731184,76.56989247311827,63.6989247311828,1.0784946236559139,2.8172043010752685,9.523655913978494,14.251612903225807,198.94623655913978,0.3666666666666667
2012-01-01,-6.838709677419355,-2.825806451612903,72.38709677419355,59.39784946236559,1.313978494623656,3.9569892473118276,10.27741935483871,14.886021505376343,191.3763440860215,0.4026881720430108
2012-02-01,-4.437931034482758,1.1241379310344828,76.26436781609195,56.49425287356321,1.0517241379310345,3.091954022988506,7.54367816091954,11.03793103448276,184.42528735632183,0.6527586206896552
2012-03-01,-1.6064516129032258,4.038709677419355,70.47311827956989,46.645161290322584,1.735483870967742,3.870967741935484,8.716129032258063,14.122580645161289,178.56989247311827,1.277311827956989
2012-04-01,4.7877777777777775,10.527777777777777,65.93333333333334,40.27777777777778,1.8033333333333335,3.9888888888888885,7.794444444444445,12.985555555555555,175.4888888888889,2.247111111111111
2012-05-01,10.146236559139783,16.54731182795699,54.6989247311828,29.78494623655914,1.3129032258064515,3.204301075268817,8.180645161290322,13.291397849462367,208.94623655913978,3.720752688172043
2012-06-01,13.482222222222221,18.933333333333334,66.74444444444444,40.36666666666667,3.4155555555555557,5.611111111111112,8.155555555555557,13.79,210.63333333333333,3.4867777777777778
2012-07-01,19.17096774193548,25.676344086021505,60.44086021505377,33.354838709677416,1.3666666666666667,2.236559139784946,6.483870967741935,10.786021505376345,228.06451612903226,4.58236559139785
2012-08-01,18.549462365591395,25.340860215053763,56.74193548387097,29.559139784946236,0.6430107526881721,1.3225806451612903,6.505376344086021,10.918279569892475,214.39784946236557,3.9983870967741937
2012-09-01,14.902222222222223,21.753333333333334,57.11111111111111,29.766666666666666,0.4011111111111111,0.7333333333333333,7.430000000000001,12.113333333333335,209.4,2.9854444444444446
2012-10-01,3.763440860215054,8.372043010752687,74.7741935483871,52.9247311827957,2.963440860215054,6.516129032258065,7.794623655913978,12.290322580645162,192.04301075268816,1.0929032258064517
2012-11-01,-2.9233333333333333,0.29888888888888887,80.38888888888889,67.95555555555556,2.197777777777778,5.6,8.077777777777778,11.675555555555555,159.84444444444443,0.41355555555555557
2012-12-01,-8.764516129032257,-5.575268817204301,81.06451612903226,70.52688172043011,2.198924731182796,6.774193548387097,7.638709677419354,11.146236559139783,165.44086021505376,0.22150537634408604
2013-01-01,-7.555913978494623,-3.7096774193548385,81.45161290322581,69.03225806451613,1.289247311827957,3.6666666666666665,7.646236559139785,10.83763440860215,188.2258064516129,0.2996774193548387
2013-02-01,-2.145238095238095,2.4499999999999997,80.13095238095238,62.226190476190474,0.8142857142857143,3.523809523809524,8.311904761904762,12.241666666666665,188.22619047619045,0.6728571428571428
2013-03-01,-2.061290322580645,3.7376344086021507,73.27956989247312,49.68817204301075,1.3881720430107527,4.247311827956989,6.809677419354839,10.736559139784946,177.6989247311828,1.3212903225806452
2013-04-01,2.751111111111111,8.05888888888889,67.08888888888889,43.72222222222222,1.9255555555555555,5.155555555555555,8.80888888888889,14.19,199.9888888888889,2.031
2013-05-01,11.904301075268815,18.453763440860218,61.645161290322584,34.913978494623656,1.8483870967741935,4.010752688172043,7.521505376344086,12.33548387096774,180.80645161290323,3.670752688172043
2013-06-01,14.845555555555556,20.402222222222225,67.74444444444444,41.7,2.6788888888888893,4.811111111111112,6.696666666666667,11.163333333333332,207.66666666666666,3.774222222222222
2013-07-01,18.20967741935484,24.5258064516129,59.37634408602151,33.63440860215054,1.186021505376344,2.397849462365591,6.696774193548387,11.101075268817205,251.67741935483872,4.62010752688172
2013-08-01,18.565591397849463,24.234408602150538,65.0752688172043,37.236559139784944,1.2419354838709677,2.698924731182796,6.317204301075269,10.64516129032258,185.09677419354838,3.638279569892473
2013-09-01,14.44111111111111,20.36777777777778,68.41111111111111,40.37777777777777,2.0955555555555554,3.1222222222222222,7.571111111111112,11.94111111111111,193.61111111111111,2.575111111111111
2013-10-01,6.027956989247312,10.678494623655915,76.96774193548387,54.354838709677416,1.3053763440860215,2.795698924731183,7.409677419354838,10.949462365591398,205.0752688172043,1.1517204301075268
2013-11-01,-2.316666666666667,1.1066666666666665,80.54444444444445,66.54444444444444,2.2855555555555553,5.488888888888889,7.75,11.215555555555556,169.0,0.41555555555555557
2013-12-01,-8.731182795698926,-5.2989247311827965,79.29032258064517,69.56989247311827,2.443010752688172,5.655913978494623,8.3,11.852688172043012,184.50537634408605,0.22688172043010751
2014-01-01,-4.50752688172043,-0.6430107526881722,83.29032258064517,69.52688172043011,1.2989247311827956,3.333333333333333,8.178494623655913,11.935483870967742,197.7741935483871,0.35559139784946237
2014-02-01,-11.255952380952381,-5.547619047619048,71.76190476190476,50.952380952380956,1.0511904761904762,3.142857142857143,7.035714285714286,11.23452380952381,187.10714285714286,0.5463095238095238
2014-03-01,-3.889247311827957,1.5903225806451615,71.53763440860214,49.225806451612904,1.3795698924731183,4.247311827956989,7.989247311827957,12.508602150537634,184.11827956989248,1.1535483870967742
2014-04-01,3.7688888888888887,9.565555555555557,65.7,40.077777777777776,1.3444444444444446,3.3222222222222224,8.36111111111111,13.403333333333334,187.67777777777778,2.2472222222222222
2014-05-01,10.713978494623655,16.89462365591398,61.526881720430104,35.58064516129032,1.7580645161290323,3.8817204301075265,6.720430107526882,11.527956989247311,178.95698924731184,3.3896774193548387
2014-06-01,14.545555555555556,20.741111111111113,59.922222222222224,32.8,1.54,2.7666666666666666,6.923333333333334,11.782222222222222,242.12222222222223,4.173555555555556
2014-07-01,19.861290322580647,26.7247311827957,55.0752688172043,29.688172043010756,1.7870967741935484,1.881720430107527,6.908602150537634,11.665591397849463,218.40860215053763,4.84741935483871
2014-08-01,19.118279569892472,25.364516129032257,58.526881720430104,31.548387096774192,0.6333333333333333,1.6129032258064515,6.264516129032257,10.0752688172043,212.30107526881721,3.9643010752688173
2014-09-01,12.966666666666667,19.16,68.17777777777778,39.85555555555556,1.4433333333333336,3.1777777777777776,7.085555555555556,11.257777777777779,175.3,2.3994444444444443
2014-10-01,7.736559139784947,12.20752688172043,78.43010752688173,56.31182795698925,2.4612903225806453,5.236559139784947,8.98494623655914,13.494623655913978,166.25806451612902,1.1850537634408602
2014-11-01,-3.8800000000000003,0.1811111111111111,77.73333333333333,62.4,2.512222222222222,5.133333333333334,7.426666666666667,11.291111111111112,172.9888888888889,0.42444444444444446
2014-12-01,-6.245161290322581,-2.9698924731182794,83.06451612903226,73.73118279569891,1.546236559139785,4.193548387096774,7.655913978494624,10.761290322580646,174.48387096774192,0.24397849462365592
2015-01-01,-4.923655913978495,-0.8473118279569892,83.36559139784947,71.11827956989247,2.0924731182795697,4.161290322580645,7.940860215053763,11.262365591397849,186.10752688172042,0.33086021505376345
2015-02-01,-2.6583333333333337,1.8083333333333333,79.57142857142857,62.76190476190476,1.4952380952380953,4.416666666666667,6.8428571428571425,10.123809523809523,185.8452380952381,0.655952380952381
2015-03-01,2.750537634408602,8.603225806451613,69.49462365591398,45.98924731182796,1.4247311827956988,3.731182795698925,8.351612903225806,13.63763440860215,190.82795698924733,1.4648387096774196
2015-04-01,5.922222222222222,11.916666666666666,58.37777777777777,33.56666666666667,1.151111111111111,3.011111111111111,8.931111111111111,14.677777777777777,207.13333333333333,2.663111111111111
2015-05-01,13.024731182795698,19.53548387096774,56.526881720430104,31.333333333333336,1.2010752688172044,2.6774193548387095,6.743010752688172,11.229032258064517,169.6989247311828,4.026559139784946
2015-06-01,17.333333333333332,23.84888888888889,56.022222222222226,30.788888888888888,1.5744444444444445,2.611111111111111,6.9366666666666665,11.502222222222223,230.87777777777777,4.644444444444445
2015-07-01,19.621505376344086,25.76236559139785,51.483870967741936,27.892473118279568,0.8946236559139785,1.7741935483870968,7.706451612903226,12.838709677419354,245.7741935483871,4.953978494623656
2015-08-01,17.973118279569892,24.348387096774196,55.38709677419355,28.032258064516128,1.0311827956989246,2.10752688172043,7.595698924731183,13.03225806451613,238.61290322580646,3.958817204301075
2015-09-01,11.004444444444443,16.512222222222224,69.52222222222221,41.077777777777776,1.9577777777777778,3.811111111111111,7.538888888888889,12.022222222222222,196.26666666666668,2.1935555555555557
2015-10-01,7.587096774193549,12.555913978494624,77.17204301075269,52.44086021505377,1.6935483870967742,3.0,7.69247311827957,11.7,181.48387096774192,1.189247311827957
2015-11-01,-1.9422222222222223,1.4555555555555555,77.46666666666667,61.18888888888889,2.091111111111111,4.544444444444445,8.553333333333335,12.966666666666667,214.6,0.5041111111111111
2015-12-01,-6.633333333333333,-3.352688172043011,83.1505376344086,73.72043010752688,1.7623655913978495,5.397849462365592,7.756989247311828,11.324731182795698,166.2043010752688,0.22935483870967743
2016-01-01,-6.311827956989247,-2.275268817204301,84.35483870967742,71.9247311827957,1.1376344086021506,3.978494623655914,7.197849462365591,10.043010752688172,171.4301075268817,0.2975268817204301
2016-02-01,-1.2873563218390804,3.574712643678161,78.2528735632184,61.05747126436782,1.3344827586206898,3.885057471264368,8.089655172413792,11.914942528735633,171.35632183908044,0.7112643678160919
2016-03-01,1.7064516129032257,6.86236559139785,72.29032258064517,50.215053763440864,1.5688172043010753,4.301075268817205,7.9215053763440855,12.352688172043012,172.40860215053763,1.4409677419354838
2016-04-01,9.321111111111112,16.405555555555555,59.67777777777778,33.6,0.8588888888888888,2.033333333333333,7.977777777777778,13.526666666666667,195.5,2.9287777777777775
2016-05-01,12.073118279569892,18.798924731182794,57.55913978494623,33.16129032258065,1.5838709677419356,3.3763440860215055,7.654838709677419,12.60215053763441,215.3763440860215,3.7148387096774194
2016-06-01,15.595555555555556,21.553333333333335,62.9,36.72222222222222,2.698888888888889,4.2444444444444445,7.145555555555556,12.126666666666667,204.5888888888889,4.0969999999999995
2016-07-01,17.368817204301077,22.729032258064517,67.94623655913979,42.655913978494624,2.318279569892473,4.064516129032258,6.212903225806452,10.344086021505378,232.78494623655914,3.8611827956989244
2016-08-01,18.02795698924731,24.134408602150536,63.645161290322584,37.01075268817204,1.9150537634408602,3.139784946236559,6.566666666666666,11.13763440860215,238.18279569892474,3.638709677419355
2016-09-01,11.422222222222222,16.804444444444446,71.85555555555555,44.68888888888889,2.0633333333333335,4.155555555555556,7.413333333333333,11.677777777777777,228.5,2.1327777777777777
2016-10-01,3.9709677419354836,7.880645161290323,83.12903225806451,63.494623655913976,3.0408602150537636,6.311827956989247,7.305376344086022,10.816129032258065,148.0752688172043,0.8731182795698925
2016-11-01,1.4600000000000002,4.822222222222222,84.51111111111112,70.61111111111111,1.6700000000000002,5.333333333333333,8.855555555555556,13.116666666666667,156.8,0.5137777777777778
2016-12-01,-10.764516129032257,-6.875268817204301,77.6021505376344,66.17204301075269,0.9290322580645162,3.333333333333333,8.381720430107526,12.0,199.26881720430106,0.241505376344086
2017-01-01,-7.561290322580645,-3.434408602150538,76.56989247311827,63.795698924731184,0.7709677419354838,3.3870967741935485,9.016129032258064,12.7,222.89247311827958,0.38451612903225807
2017-02-01,-6.672619047619047,-1.4214285714285715,72.26190476190476,52.773809523809526,1.157142857142857,4.488095238095238,7.485714285714286,11.810714285714285,231.76190476190476,0.6707142857142857
2017-03-01,-2.967741935483871,2.99247311827957,72.72043010752688,48.483870967741936,1.8483870967741938,6.494623655913979,8.058064516129033,13.21505376344086,184.59139784946237,1.191290322580645
2017-04-01,3.832222222222222,9.795555555555556,69.97777777777779,43.08888888888889,2.1044444444444443,6.366666666666666,8.132222222222222,13.772222222222222,181.55555555555557,2.1564444444444444
2017-05-01,11.44731182795699,18.365591397849464,63.31182795698925,35.645161290322584,2.020430107526882,4.225806451612903,7.896774193548388,13.932258064516128,216.48387096774192,3.6789247311827955
2017-06-01,15.08888888888889,21.797777777777775,57.0,30.344444444444445,1.2355555555555555,2.9222222222222225,8.547777777777778,15.376666666666667,214.11111111111111,4.366111111111111
2017-07-01,18.30537634408602,25.63225806451613,52.65591397849463,28.096774193548388,0.9172043010752688,1.7311827956989247,7.990322580645161,14.193548387096774,230.55913978494624,4.920860215053763
2017-08-01,18.989247311827956,26.44193548387097,54.83870967741935,27.526881720430108,0.47096774193548385,1.2688172043010753,7.816129032258065,13.451612903225806,224.49462365591395,4.202795698924731
2017-09-01,13.87111111111111,20.284444444444443,64.15555555555555,36.55555555555556,1.2733333333333334,2.788888888888889,7.477777777777778,12.914444444444445,209.04444444444442,2.5204444444444443
2017-10-01,5.287096774193548,10.174193548387096,71.20430107526882,48.01075268817204,2.3881720430107527,3.870967741935484,8.940860215053764,14.288172043010753,225.1290322580645,1.1829032258064516
2017-11-01,-3.2388888888888885,0.21999999999999992,76.57777777777778,61.96666666666667,2.3255555555555554,6.122222222222222,8.605555555555556,12.93222222222222,205.35555555555555,0.433
2017-12-01,-6.467741935483871,-2.8924731182795695,75.72043010752688,60.98924731182795,0.9634408602150538,2.774193548387097,7.983870967741935,11.550537634408602,223.51612903225808,0.32440860215053763
2018-01-01,-5.9924731182795705,-2.153763440860215,81.36559139784947,69.21505376344085,1.4838709677419355,5.397849462365592,8.175268817204302,12.095698924731183,202.25806451612902,0.31623655913978493
2018-02-01,-8.916666666666666,-3.936904761904762,72.27380952380952,52.452380952380956,1.905952380952381,5.952380952380952,7.892857142857143,12.43095238095238,230.83333333333331,0.5652380952380952
2018-03-01,-2.231182795698925,3.4838709677419355,71.41935483870968,47.494623655913976,1.575268817204301,4.838709677419355,7.597849462365591,11.99247311827957,213.31182795698925,1.2255913978494624
2018-04-01,3.0744444444444445,9.557777777777778,66.44444444444444,40.477777777777774,1.2455555555555555,3.966666666666667,7.9,13.889999999999999,182.64444444444445,2.2243333333333335
2018-05-01,14.131182795698924,21.288172043010753,54.39784946236559,30.46236559139785,0.6462365591397848,1.6021505376344085,8.298924731182796,14.326881720430107,209.70967741935485,4.2864516129032255
2018-06-01,14.52888888888889,20.74888888888889,61.266666666666666,33.98888888888889,2.411111111111111,4.211111111111111,8.007777777777779,14.125555555555556,232.23333333333332,3.925
2018-07-01,18.313978494623658,25.40215053763441,59.784946236559136,32.70967741935484,1.7204301075268817,3.0860215053763445,7.6,13.058064516129033,220.82795698924733,4.54268817204301
2018-08-01,18.276344086021506,25.41505376344086,58.13978494623656,31.81720430107527,0.6526881720430108,1.7204301075268815,7.612903225806452,13.588172043010752,225.06451612903226,4.026236559139785
2018-09-01,8.874444444444444,14.29,73.42222222222222,47.36666666666667,2.05,4.466666666666667,6.86,11.554444444444444,193.88888888888889,1.8591111111111112
2018-10-01,4.919354838709677,9.96774193548387,72.30107526881721,50.354838709677416,1.5043010752688173,2.946236559139785,7.609677419354839,12.100000000000001,205.98924731182797,1.1586021505376343
2018-11-01,0.043333333333333376,3.1655555555555557,81.71111111111112,66.5,2.18,5.966666666666667,7.7555555555555555,11.494444444444444,200.02222222222224,0.43011111111111117
2018-12-01,-3.449462365591398,-0.264516129032258,76.34408602150538,62.107526881720425,1.5021505376344086,4.655913978494624,8.772043010752688,12.958064516129031,211.58064516129033,0.3718279569892473
2019-01-01,-3.852688172043011,-0.06881720430107528,78.81720430107528,65.3225806451613,1.478494623655914,4.774193548387097,8.01720430107527,11.736559139784946,199.5483870967742,0.3710752688172043
2019-02-01,-13.988095238095239,-8.54047619047619,71.97619047619047,55.38095238095239,0.9142857142857144,4.285714285714286,7.1119047619047615,10.875,201.92857142857142,0.4626190476190476
2019-03-01,-1.3989247311827957,5.56236559139785,66.97849462365592,43.24731182795699,0.3870967741935484,1.6129032258064515,6.235483870967743,10.026881720430106,222.72043010752688,1.5146236559139785
2019-04-01,4.857777777777778,11.204444444444444,60.43333333333333,33.211111111111116,0.8166666666666667,3.055555555555556,8.15,14.082222222222223,232.85555555555555,2.387777777777778
2019-05-01,12.453763440860214,19.08709677419355,56.66666666666667,32.0,1.0698924731182795,3.032258064516129,7.196774193548387,12.46774193548387,195.08602150537635,3.6708602150537635
2019-06-01,14.644444444444444,20.936666666666667,61.43333333333333,34.044444444444444,2.002222222222222,4.377777777777778,7.974444444444445,13.9,228.47777777777776,3.971111111111111
2019-07-01,16.298924731182794,22.376344086021504,69.41935483870968,41.344086021505376,2.7301075268817208,4.752688172043011,6.631182795698924,11.751612903225807,217.90322580645162,3.726021505376344
2019-08-01,16.46989247311828,23.201075268817206,65.54838709677419,36.87096774193548,1.8935483870967742,3.569892473118279,7.27741935483871,12.348387096774195,214.68817204301075,3.465483870967742
2019-09-01,11.74888888888889,17.035555555555554,74.2,47.477777777777774,2.4611111111111112,5.3,7.62,12.26,199.97777777777776,1.9537777777777778
2019-10-01,3.9204301075268817,8.65268817204301,71.38709677419355,47.107526881720425,1.6086021505376344,4.118279569892473,8.403225806451612,13.274193548387096,223.17204301075267,1.0896774193548386
2019-11-01,-0.5399999999999999,3.2177777777777776,77.07777777777778,60.0,1.4855555555555555,4.222222222222222,8.135555555555555,12.095555555555556,204.4,0.5032222222222222
2019-12-01,-4.570967741935483,-1.1419354838709677,81.02150537634408,69.13978494623656,1.449462365591398,4.548387096774194,7.826881720430108,11.60752688172043,206.44086021505376,0.2653763440860215
2020-01-01,-8.208602150537635,-4.132258064516129,79.72043010752688,66.91397849462366,1.9043010752688174,6.419354838709677,8.413978494623656,13.096774193548388,207.81720430107526,0.31129032258064515
2020-02-01,-3.6804597701149424,1.5919540229885056,74.81609195402298,53.44827586206897,1.5827586206896551,4.4367816091954015,8.559770114942529,13.213793103448275,229.86206896551724,0.69183908045977
2020-03-01,-3.3301075268817204,3.2204301075268815,66.04301075268818,41.97849462365591,1.032258064516129,3.8172043010752685,8.751612903225807,14.15268817204301,193.3763440860215,1.2924731182795697
2020-04-01,3.105555555555555,10.185555555555556,60.988888888888894,34.13333333333333,0.6466666666666667,2.2333333333333334,8.438888888888888,14.27222222222222,242.0111111111111,2.3774444444444445
2020-05-01,10.53978494623656,17.151612903225807,63.70967741935484,36.82795698924731,1.8935483870967742,4.430107526881721,7.922580645161291,13.348387096774195,180.50537634408605,3.2358064516129033
2020-06-01,13.323333333333332,19.265555555555558,68.98888888888888,41.74444444444444,2.944444444444444,5.4,7.886666666666667,13.392222222222221,229.22222222222223,3.4186666666666667
2020-07-01,16.35268817204301,22.77741935483871,70.1505376344086,42.67741935483871,3.172043010752688,5.279569892473118,7.031182795698925,12.210752688172041,225.39784946236557,3.8183870967741935
2020-08-01,16.38279569892473,23.23225806451613,62.645161290322584,35.04301075268817,1.2032258064516128,2.4193548387096775,8.09247311827957,13.786021505376345,231.11827956989248,3.566774193548387
2020-09-01,13.742222222222221,20.336666666666666,69.44444444444444,41.86666666666667,1.3922222222222222,2.6333333333333333,7.441111111111111,12.110000000000001,212.56666666666666,2.433333333333333
2020-10-01,4.711827956989247,9.30215053763441,73.27956989247312,50.516129032258064,3.1451612903225805,5.376344086021505,7.28494623655914,11.83548387096774,210.4731182795699,1.0572043010752687
2020-11-01,-1.6233333333333333,2.3211111111111107,77.22222222222221,61.233333333333334,1.7766666666666666,4.722222222222222,9.115555555555554,13.991111111111111,212.5,0.5108888888888888
2020-12-01,-2.703225806451613,0.40860215053763443,76.74193548387096,64.04301075268818,1.367741935483871,4.182795698924731,8.776344086021505,13.113978494623657,205.53763440860217,0.3711827956989247
2021-01-01,-3.7881720430107526,0.09784946236559143,78.61290322580645,63.763440860215056,1.1118279569892473,4.086021505376344,8.915053763440861,14.077419354838709,201.91397849462365,0.39827956989247315
2021-02-01,-8.911904761904761,-3.892857142857143,70.98809523809524,51.547619047619044,1.4166666666666665,5.535714285714286,8.05,12.310714285714285,226.29761904761904,0.6170238095238095
2021-03-01,0.18172043010752692,6.45268817204301,67.13978494623656,43.02150537634409,0.7817204301075269,2.774193548387097,8.826881720430107,14.326881720430107,216.3548387096774,1.4219354838709677
2021-04-01,5.016666666666667,12.457777777777778,55.44444444444444,30.711111111111112,0.89,2.888888888888889,7.938888888888888,13.56777777777778,213.53333333333333,2.6966666666666663
2021-05-01,10.33978494623656,17.103225806451615,59.41935483870968,32.97849462365591,1.1870967741935483,3.053763440860215,7.639784946236558,13.006451612903225,202.1290322580645,3.416559139784946
2021-06-01,17.48111111111111,24.56888888888889,56.93333333333333,31.311111111111114,1.09,2.7555555555555555,7.525555555555556,13.235555555555555,215.47777777777776,4.6290000000000004
2021-07-01,20.34193548387097,27.52795698924731,54.096774193548384,28.806451612903224,0.8129032258064516,1.7204301075268817,7.623655913978495,12.90752688172043,236.44086021505376,5.02247311827957
2021-08-01,17.634408602150536,24.36989247311828,62.11827956989247,34.12903225806452,1.2591397849462365,2.5053763440860215,8.063440860215055,13.927956989247312,226.16129032258064,3.6078494623655915
2021-09-01,12.28111111111111,18.197777777777777,68.14444444444445,39.577777777777776,1.6577777777777778,3.722222222222222,8.633333333333333,14.07,215.72222222222223,2.237
2021-10-01,5.096774193548387,9.378494623655914,73.81720430107528,50.37634408602151,1.875268817204301,3.806451612903226,8.609677419354838,13.53010752688172,212.247311827957,1.1204301075268817
2021-11-01,0.13444444444444434,4.1755555555555555,78.44444444444444,61.955555555555556,2.6688888888888886,5.844444444444444,9.046666666666665,14.144444444444444,202.13333333333333,0.5165555555555555
2021-12-01,-11.074193548387097,-7.323655913978494,73.69892473118279,60.29032258064516,1.843010752688172,5.591397849462365,8.193548387096774,12.173118279569893,223.0,0.27236559139784944
2022-01-01,-6.754838709677419,-2.429032258064516,78.17204301075269,64.3763440860215,1.6526881720430109,4.806451612903226,8.418279569892473,12.845161290322581,216.9462365591398,0.3670967741935484
2022-02-01,-4.060714285714286,1.3,71.61904761904762,52.94047619047619,1.0523809523809524,3.761904761904762,8.770238095238096,13.48095238095238,215.27380952380955,0.7332142857142857
2022-03-01,0.5645161290322581,6.790322580645161,71.2258064516129,45.344086021505376,0.913978494623656,3.2903225806451615,7.7655913978494615,12.723655913978495,217.96774193548387,1.375268817204301
2022-04-01,2.102222222222222,8.044444444444444,60.64444444444444,34.31111111111111,1.6555555555555554,4.5,8.32,13.506666666666666,175.72222222222223,2.177222222222222
2022-05-01,8.133333333333333,13.976344086021506,64.48387096774194,37.66666666666667,2.4139784946236555,5.129032258064516,8.48709677419355,14.40537634408602,217.68817204301075,2.9625806451612906
2022-06-01,13.904444444444444,19.983333333333334,68.46666666666667,40.62222222222223,2.8633333333333337,5.288888888888889,7.536666666666666,12.744444444444444,189.6888888888889,3.747
2022-07-01,18.451612903225808,25.396774193548385,62.72043010752688,36.45161290322581,1.682795698924731,2.1505376344086025,7.494623655913978,13.059139784946236,214.74193548387098,4.468817204301075
2022-08-01,19.623655913978496,27.07204301075269,62.70967741935484,34.795698924731184,1.3946236559139786,2.1827956989247315,6.83010752688172,11.759139784946237,230.93548387096774,3.9366666666666665
2022-09-01,14.71888888888889,21.87,62.86666666666667,34.522222222222226,0.8344444444444445,1.3666666666666667,7.303333333333333,12.341111111111111,226.35555555555555,2.7946666666666666
2022-10-01,9.849462365591398,15.419354838709678,67.13978494623656,42.56989247311828,0.7720430107526882,1.9784946236559138,8.088172043010752,13.237634408602151,201.34408602150538,1.5929032258064517
2022-11-01,-4.906666666666666,-1.096666666666667,75.15555555555555,59.75555555555556,1.5555555555555558,4.066666666666666,8.90111111111111,12.875555555555556,193.38888888888889,0.451
2022-12-01,-12.351612903225808,-8.421505376344086,79.55913978494624,68.36559139784947,1.718279569892473,5.344086021505376,7.688172043010753,11.604301075268818,208.80645161290323,0.1938709677419355
2023-01-01,-4.6000000000000005,-0.3000000000000001,85.66666666666667,72.33333333333333,0.6666666666666666,2.0,7.3,9.799999999999999,209.66666666666666,0.25666666666666665
