Jurisdiction,Month,Year,Number_fires,Lag_1,Lag_2,Lag_3,RollMean_3,RollStd_3,RollSum_3,is_summer,Month_sin,Month_cos,temperature_2m_mean (°C)_lag1,relative_humidity_2m_mean (%)_lag1,relative_humidity_2m_min (%)_lag1,et0_fao_evapotranspiration (mm)_lag1,temperature_2m_max (°C)_lag1
Alberta,5,1990,114,26,8,5,13.0,11.357816691600547,39.0,0,0.49999999999999994,-0.8660254037844387,-2.1763440860215053,67.83870967741936,42.82795698924731,1.4066666666666667,5.023655913978495
Alberta,6,1990,214,114,26,8,49.333333333333336,56.7215420570821,148.0,1,1.2246467991473532e-16,-1.0,2.7533333333333334,64.88888888888889,40.12222222222223,2.2212222222222224,9.282222222222224
Alberta,7,1990,446,214,114,26,118.0,94.06380813043877,354.0,1,-0.4999999999999997,-0.8660254037844388,9.98279569892473,65.13978494623656,39.204301075268816,3.4306451612903226,16.177419354838708
Alberta,8,1990,381,446,214,114,258.0,170.31735084835015,774.0,1,-0.8660254037844385,-0.5000000000000004,14.965555555555556,67.8,42.34444444444444,3.8896666666666655,20.538888888888888
Alberta,9,1990,117,381,446,214,347.0,119.67873662434776,1041.0,0,-1.0,-1.8369701987210297e-16,17.40967741935484,69.2258064516129,43.60215053763441,4.09,22.996774193548383
Alberta,10,1990,34,117,381,446,314.6666666666667,174.24216864276377,944.0,0,-0.8660254037844386,0.5000000000000001,17.098924731182798,67.20430107526882,42.94623655913978,3.51,23.031182795698925
Alberta,11,1990,16,34,117,381,177.33333333333334,181.19694625830024,532.0,0,-0.5000000000000004,0.8660254037844384,12.963333333333331,64.66666666666667,40.2,2.7728888888888887,19.342222222222222
Alberta,12,1990,4,16,34,117,55.666666666666664,53.87330817142528,167.0,0,-2.4492935982947064e-16,1.0,1.827956989247312,70.49462365591398,50.0,1.106666666666667,6.482795698924731
Alberta,1,1991,9,4,16,34,18.0,15.099668870542441,54.0,0,0.49999999999999994,0.8660254037844387,-7.914444444444444,72.2,58.94444444444444,0.4836666666666666,-3.5166666666666666
Alberta,2,1991,4,9,4,16,9.666666666666666,6.027713773344132,29.0,0,0.8660254037844386,0.5000000000000001,-16.313978494623658,74.0,62.70967741935484,0.2506451612903225,-10.48279569892473
Alberta,3,1991,8,4,9,4,5.666666666666667,2.8867513459532548,17.0,0,1.0,6.123233995736766e-17,-14.073118279569892,74.38709677419355,61.655913978494624,0.3241935483870968,-8.796774193548387
Alberta,4,1991,111,8,4,9,7.0,2.6457513110701596,21.0,0,0.8660254037844387,-0.4999999999999998,-4.251190476190476,75.09523809523809,58.46428571428572,0.6772619047619048,1.1523809523809525
Alberta,5,1991,201,111,8,4,41.0,60.65476073648322,123.0,0,0.49999999999999994,-0.8660254037844387,-6.334408602150538,67.86021505376344,45.2258064516129,1.2089247311827958,0.9064516129032258
Alberta,6,1991,114,201,111,8,106.66666666666667,96.57294307068287,320.0,1,1.2246467991473532e-16,-1.0,5.781111111111112,60.13333333333333,33.97777777777778,2.715777777777778,12.362222222222222
Alberta,7,1991,125,114,201,111,142.0,51.117511676528416,426.0,1,-0.4999999999999997,-0.8660254037844388,10.953763440860214,62.16129032258065,36.44086021505377,3.5022580645161288,17.220430107526884
Alberta,8,1991,239,125,114,201,146.66666666666666,47.37439533475179,440.0,1,-0.8660254037844385,-0.5000000000000004,14.136666666666663,73.13333333333334,48.65555555555556,3.430111111111111,19.00777777777778
Alberta,9,1991,54,239,125,114,159.33333333333334,69.21223398600388,478.0,0,-1.0,-1.8369701987210297e-16,17.227956989247314,67.47311827956989,41.784946236559136,4.347311827956989,22.776344086021503
Alberta,10,1991,66,54,239,125,139.33333333333334,93.32916657365668,418.0,0,-0.8660254037844386,0.5000000000000001,18.623655913978496,69.81720430107528,44.43010752688172,3.7154838709677422,24.532258064516128
Alberta,11,1991,6,66,54,239,119.66666666666667,103.51972436851518,359.0,0,-0.5000000000000004,0.8660254037844384,10.926666666666668,71.38888888888889,47.8,2.1356666666666664,16.797777777777778
Alberta,12,1991,7,6,66,54,42.0,31.74901573277557,126.0,0,-2.4492935982947064e-16,1.0,0.9268817204301072,71.01075268817205,49.655913978494624,1.146989247311828,6.318279569892473
Alberta,1,1992,14,7,6,66,26.333333333333332,34.35597958628695,79.0,0,0.49999999999999994,0.8660254037844387,-7.436666666666666,79.84444444444445,67.75555555555556,0.351,-2.552222222222222
Alberta,2,1992,11,14,7,6,9.0,4.358898943544534,27.0,0,0.8660254037844386,0.5000000000000001,-9.36774193548387,77.74193548387096,67.26881720430109,0.3149462365591398,-5.027956989247312
Alberta,3,1992,61,11,14,7,10.666666666666666,3.5118845842890156,32.0,0,1.0,6.123233995736766e-17,-7.641935483870968,79.69892473118279,68.47311827956989,0.317741935483871,-2.718279569892473
Alberta,4,1992,110,61,11,14,28.666666666666668,28.041635710731377,86.0,0,0.8660254037844387,-0.4999999999999998,-7.633333333333334,77.64367816091954,61.72413793103448,0.6117241379310344,-1.5862068965517242
Alberta,5,1992,91,110,61,11,60.666666666666664,49.50084174368515,182.0,0,0.49999999999999994,-0.8660254037844387,0.2064516129032258,67.49462365591398,44.50537634408602,1.5301075268817204,7.186021505376344
Alberta,6,1992,147,91,110,61,87.33333333333333,24.704925284917568,262.0,1,1.2246467991473532e-16,-1.0,4.344444444444445,63.64444444444444,37.077777777777776,2.3956666666666666,11.645555555555555
Alberta,7,1992,226,147,91,110,116.0,28.478061731796682,348.0,1,-0.4999999999999997,-0.8660254037844388,9.249462365591398,61.61290322580645,35.935483870967744,3.422043010752688,15.4505376344086
Alberta,8,1992,339,226,147,91,154.66666666666666,67.82575715267284,464.0,1,-0.8660254037844385,-0.5000000000000004,14.987777777777778,69.18888888888888,43.977777777777774,3.811111111111111,20.81
Alberta,9,1992,14,339,226,147,237.33333333333334,96.50043177796326,712.0,0,-1.0,-1.8369701987210297e-16,15.568817204301077,72.3763440860215,46.70967741935484,3.5905376344086024,20.6
Alberta,10,1992,29,14,339,226,193.0,164.99393928262944,579.0,0,-0.8660254037844386,0.5000000000000001,14.943010752688172,67.06451612903226,40.903225806451616,3.421075268817204,20.983870967741936
Alberta,11,1992,15,29,14,339,127.33333333333333,183.46207600845838,382.0,0,-0.5000000000000004,0.8660254037844384,7.20888888888889,74.27777777777779,50.6,1.6923333333333337,12.97111111111111
Alberta,12,1992,4,15,29,14,19.333333333333332,8.386497083608711,58.0,0,-2.4492935982947064e-16,1.0,3.513978494623656,70.53763440860214,50.064516129032256,1.2250537634408605,8.451612903225806
Alberta,1,1993,8,4,15,29,16.0,12.529964086143455,48.0,0,0.49999999999999994,0.8660254037844387,-3.15,79.62222222222222,66.62222222222222,0.4354444444444444,0.5277777777777778
Alberta,2,1993,12,8,4,15,9.0,5.567764362834168,27.0,0,0.8660254037844386,0.5000000000000001,-17.065591397849463,74.40860215053763,64.68817204301075,0.2080645161290322,-12.126881720430108
Alberta,3,1993,29,12,8,4,8.0,4.000000000005796,24.0,0,1.0,6.123233995736766e-17,-14.859139784946237,74.76344086021506,61.193548387096776,0.3024731182795699,-9.21505376344086
Alberta,4,1993,52,29,12,8,16.333333333333332,11.150485789120493,49.0,0,0.8660254037844387,-0.4999999999999998,-10.201190476190476,72.26190476190476,53.845238095238095,0.6076190476190477,-3.685714285714286
Alberta,5,1993,242,52,29,12,31.0,20.074859899885773,93.0,0,0.49999999999999994,-0.8660254037844387,-1.010752688172043,59.03225806451613,35.38709677419355,1.52505376344086,5.356989247311828
Alberta,6,1993,342,242,52,29,107.66666666666667,116.90309377143686,323.0,1,1.2246467991473532e-16,-1.0,4.446666666666667,68.94444444444444,39.62222222222223,2.3184444444444443,10.964444444444444
Alberta,7,1993,112,342,242,52,212.0,147.3091986265624,636.0,1,-0.4999999999999997,-0.8660254037844388,11.173118279569891,62.88172043010753,38.193548387096776,3.496989247311828,17.870967741935484
Alberta,8,1993,35,112,342,242,232.0,115.32562594670799,696.0,1,-0.8660254037844385,-0.5000000000000004,13.908888888888889,65.67777777777778,40.43333333333333,3.748444444444445,19.33555555555556
Alberta,9,1993,17,35,112,342,163.0,159.7278936191172,489.0,0,-1.0,-1.8369701987210297e-16,14.578494623655914,78.25806451612904,54.107526881720425,3.2364516129032257,19.4741935483871
Alberta,10,1993,19,17,35,112,54.666666666666664,50.461206221545844,164.0,0,-0.8660254037844386,0.5000000000000001,15.088172043010752,75.3225806451613,50.44086021505377,2.996989247311828,20.44301075268817
Alberta,11,1993,7,19,17,35,23.666666666666668,9.865765724634983,71.0,0,-0.5000000000000004,0.8660254037844384,10.156666666666666,71.18888888888888,47.01111111111111,2.148,16.13
Alberta,12,1993,1,7,19,17,14.333333333333334,6.429100507332588,43.0,0,-2.4492935982947064e-16,1.0,3.823655913978495,74.98924731182795,53.68817204301075,1.1326881720430109,9.416129032258064
Alberta,1,1994,4,1,7,19,9.0,9.165151389914506,27.0,0,0.49999999999999994,0.8660254037844387,-5.518888888888889,74.6,60.81111111111111,0.487,-0.648888888888889
Alberta,6,1994,231,132,64,12,69.33333333333333,60.177515180783054,208.0,1,1.2246467991473532e-16,-1.0,-7.737634408602151,79.93548387096774,69.17204301075269,0.2891397849462365,-2.650537634408602
Alberta,7,1994,223,231,132,64,142.33333333333334,83.97817176703337,427.0,1,-0.4999999999999997,-0.8660254037844388,10.708602150537631,63.795698924731184,37.40860215053764,3.453010752688172,17.234408602150538
Alberta,8,1994,118,223,231,132,195.33333333333334,54.99393905998505,586.0,1,-0.8660254037844385,-0.5000000000000004,14.434444444444445,69.93333333333334,44.88888888888889,3.6876666666666655,19.65333333333333
Alberta,9,1994,83,118,223,231,190.66666666666666,63.05817419917382,572.0,0,-1.0,-1.8369701987210297e-16,17.576344086021507,73.34408602150538,49.08602150537634,3.947634408602151,22.76881720430108
Alberta,10,1994,25,83,118,223,141.33333333333334,72.85830998131483,424.0,0,-0.8660254037844386,0.5000000000000001,16.879569892473118,70.93548387096774,45.94623655913978,3.4386021505376343,22.4
Alberta,11,1994,30,25,83,118,75.33333333333333,46.97162263892291,226.0,0,-0.5000000000000004,0.8660254037844384,13.10777777777778,66.71111111111111,43.87777777777777,2.6318888888888887,19.308888888888887
Alberta,12,1994,9,30,25,83,46.0,32.14031735997713,138.0,0,-2.4492935982947064e-16,1.0,4.333333333333334,72.44086021505376,52.064516129032256,1.200752688172043,8.98279569892473
Alberta,1,1995,10,9,30,25,21.333333333333332,10.969655114605265,64.0,0,0.49999999999999994,0.8660254037844387,-5.423333333333333,69.13333333333334,55.37777777777777,0.5305555555555556,-1.332222222222222
Alberta,2,1995,6,10,9,30,16.333333333333332,11.846237095946814,49.0,0,0.8660254037844386,0.5000000000000001,-11.748387096774191,78.16129032258064,67.80645161290323,0.2247311827956989,-6.887096774193548
Alberta,3,1995,29,6,10,9,8.333333333333334,2.0816659994792315,25.0,0,1.0,6.123233995736766e-17,-12.141935483870968,79.46236559139786,66.98924731182795,0.2427956989247311,-6.8247311827956985
Alberta,4,1995,57,29,6,10,15.0,12.288205727446677,45.0,0,0.8660254037844387,-0.4999999999999998,-10.45,73.92857142857143,56.44047619047619,0.5320238095238096,-4.351190476190476
Alberta,5,1995,215,57,29,6,30.666666666666668,25.540817005988345,92.0,0,0.49999999999999994,-0.8660254037844387,-5.391397849462366,70.34408602150538,47.774193548387096,1.1804301075268815,1.4494623655913978
Alberta,6,1995,272,215,57,29,100.33333333333333,100.28625695145557,301.0,1,1.2246467991473532e-16,-1.0,1.9288888888888889,67.33333333333333,40.68888888888889,2.0411111111111118,8.077777777777778
Alberta,7,1995,97,272,215,57,181.33333333333334,111.3837211325486,544.0,1,-0.4999999999999997,-0.8660254037844388,10.325806451612904,59.39784946236559,32.58064516129032,3.74989247311828,17.166666666666664
Alberta,8,1995,26,97,272,215,194.66666666666666,89.2543182895559,584.0,1,-0.8660254037844385,-0.5000000000000004,15.77,67.23333333333333,41.15555555555556,4.058111111111112,21.59777777777778
Alberta,9,1995,58,26,97,272,131.66666666666666,126.61095265944951,395.0,0,-1.0,-1.8369701987210297e-16,15.727956989247312,74.26881720430109,47.56989247311828,3.4797849462365598,20.570967741935487
Alberta,10,1995,33,58,26,97,60.333333333333336,35.55746522649471,181.0,0,-0.8660254037844386,0.5000000000000001,13.296774193548387,75.93548387096774,51.84946236559139,2.7115053763440864,18.153763440860214
Alberta,11,1995,5,33,58,26,39.0,16.82260384126227,117.0,0,-0.5000000000000004,0.8660254037844384,12.40111111111111,67.13333333333334,42.74444444444444,2.6373333333333333,18.66
Alberta,6,1996,124,56,26,1,27.666666666666668,27.537852736431507,83.0,1,1.2246467991473532e-16,-1.0,3.838709677419355,73.63440860215053,52.50537634408602,1.1118279569892473,8.298924731182796
Alberta,7,1996,89,124,56,26,68.66666666666667,50.21288015373524,206.0,1,-0.4999999999999997,-0.8660254037844388,6.573118279569892,68.90322580645162,44.44086021505377,2.5834408602150534,12.151612903225804
Alberta,8,1996,76,89,124,56,89.66666666666667,34.00490160746497,269.0,1,-0.8660254037844385,-0.5000000000000004,13.426666666666668,70.92222222222222,45.8,3.577111111111111,18.747777777777777
Alberta,9,1996,14,76,89,124,96.33333333333333,24.826061575154693,289.0,0,-1.0,-1.8369701987210297e-16,16.21505376344086,74.3763440860215,49.064516129032256,3.617849462365592,21.293548387096774
Alberta,10,1996,7,14,76,89,59.666666666666664,40.07908847932274,179.0,0,-0.8660254037844386,0.5000000000000001,16.635483870967743,70.38709677419355,45.903225806451616,3.5084946236559142,22.5505376344086
Alberta,11,1996,2,7,14,76,32.333333333333336,37.97806384392689,97.0,0,-0.5000000000000004,0.8660254037844384,9.307777777777778,76.1,53.02222222222223,1.7114444444444443,13.713333333333336
Alberta,12,1996,2,2,7,14,7.666666666666667,6.0277137733466075,23.0,0,-2.4492935982947064e-16,1.0,2.020430107526882,75.47311827956989,55.96774193548387,1.0165591397849465,6.97741935483871
Alberta,1,1997,1,2,2,7,3.6666666666666665,2.8867513459585123,11.0,0,0.49999999999999994,0.8660254037844387,-11.674444444444443,79.82222222222222,68.17777777777778,0.2724444444444444,-7.945555555555556
Alberta,6,1997,34,120,24,4,49.333333333333336,62.010751755912324,148.0,1,1.2246467991473532e-16,-1.0,-17.21720430107527,77.23655913978494,67.6021505376344,0.1620430107526881,-13.216129032258063
Alberta,7,1997,148,34,120,24,59.333333333333336,52.776257288039865,178.0,1,-0.4999999999999997,-0.8660254037844388,9.12258064516129,64.90322580645162,39.94623655913978,3.178279569892473,15.156989247311827
Alberta,8,1997,79,148,34,120,100.66666666666667,59.40819247657155,302.0,1,-0.8660254037844385,-0.5000000000000004,14.557777777777778,71.43333333333334,46.03333333333333,3.545666666666667,19.52555555555556
Alberta,9,1997,17,79,148,34,87.0,57.419508879822736,261.0,0,-1.0,-1.8369701987210297e-16,16.95268817204301,71.74193548387096,46.39784946236559,3.985161290322581,22.186021505376345
Alberta,10,1997,3,17,79,148,81.33333333333333,65.53116307020177,244.0,0,-0.8660254037844386,0.5000000000000001,16.22258064516129,73.44086021505376,48.08602150537634,3.22989247311828,21.833333333333336
Alberta,11,1997,1,3,17,79,33.0,40.44749683231401,99.0,0,-0.5000000000000004,0.8660254037844384,11.851111111111113,73.51111111111112,51.35555555555556,2.1937777777777776,17.57
Alberta,12,1997,32,1,3,17,7.0,8.717797887084627,21.0,0,-2.4492935982947064e-16,1.0,2.1903225806451614,77.2258064516129,59.41935483870968,0.8983870967741936,6.467741935483871
Alberta,6,1998,273,412,152,2,188.66666666666666,207.44477176668812,566.0,1,1.2246467991473532e-16,-1.0,-2.2155555555555555,73.43333333333334,57.61111111111111,0.5636666666666666,1.8988888888888888
Alberta,7,1998,196,273,412,152,279.0,130.1038047099315,837.0,1,-0.4999999999999997,-0.8660254037844388,13.524731182795698,59.0,34.0752688172043,4.099032258064517,20.186021505376345
Alberta,8,1998,540,196,273,412,293.6666666666667,109.47297992351048,881.0,1,-0.8660254037844385,-0.5000000000000004,14.793333333333331,68.91111111111111,44.51111111111111,3.719444444444444,19.941111111111116
Alberta,9,1998,84,540,196,273,336.3333333333333,180.5334687345627,1009.0,0,-1.0,-1.8369701987210297e-16,18.468817204301075,70.17204301075269,46.56989247311828,4.111182795698925,23.61397849462365
Alberta,10,1998,60,84,540,196,273.3333333333333,237.6327699062849,820.0,0,-0.8660254037844386,0.5000000000000001,18.555913978494623,61.82795698924731,36.82795698924731,4.161935483870968,24.723655913978494
Alberta,11,1998,10,60,84,540,228.0,270.4662640700315,684.0,0,-0.5000000000000004,0.8660254037844384,12.011111111111113,66.78888888888889,41.6,2.4775555555555555,18.05444444444445
Alberta,12,1998,9,10,60,84,51.333333333333336,37.75358702604801,154.0,0,-2.4492935982947064e-16,1.0,5.278494623655914,72.69892473118279,53.03225806451613,1.2588172043010752,10.386021505376345
Alberta,1,1999,4,9,10,60,26.333333333333332,29.160475533389096,79.0,0,0.49999999999999994,0.8660254037844387,-5.181111111111111,78.11111111111111,64.68888888888888,0.3818888888888889,-1.4088888888888889
Alberta,6,1999,213,121,133,6,86.66666666666667,70.11656960614498,260.0,1,1.2246467991473532e-16,-1.0,-12.856989247311828,75.64516129032258,64.80645161290323,0.2658064516129032,-8.332258064516129
Alberta,7,1999,280,213,121,133,155.66666666666666,50.01333155602976,467.0,1,-0.4999999999999997,-0.8660254037844388,8.804301075268818,62.935483870967744,36.236559139784944,3.2527956989247317,14.903225806451612
Alberta,8,1999,427,280,213,121,204.66666666666666,79.82689605222889,614.0,1,-0.8660254037844385,-0.5000000000000004,13.646666666666668,65.93333333333334,40.27777777777778,3.936888888888889,19.05777777777778
Alberta,9,1999,46,427,280,213,306.6666666666667,109.46384486821823,920.0,0,-1.0,-1.8369701987210297e-16,15.536559139784949,67.26881720430109,42.494623655913976,3.840752688172043,21.06989247311828
Alberta,10,1999,84,46,427,280,251.0,192.14838016491322,753.0,0,-0.8660254037844386,0.5000000000000001,17.31935483870968,67.17204301075269,42.16129032258065,3.634408602150538,23.35698924731183
Alberta,11,1999,29,84,46,427,185.66666666666666,209.8626534982662,557.0,0,-0.5000000000000004,0.8660254037844384,11.054444444444444,64.54444444444444,39.87777777777777,2.548888888888889,16.93888888888889
Alberta,12,1999,28,29,84,46,53.0,28.160255680657702,159.0,0,-2.4492935982947064e-16,1.0,4.380645161290323,64.79569892473118,42.72043010752688,1.4802150537634406,9.620430107526882
Alberta,1,2000,9,28,29,84,47.0,32.04684071792435,141.0,0,0.49999999999999994,0.8660254037844387,-1.9,75.08888888888889,60.977777777777774,0.5516666666666666,1.8266666666666669
Alberta,2,2000,8,9,28,29,22.0,11.269427669585244,66.0,0,0.8660254037844386,0.5000000000000001,-5.816129032258065,71.54838709677419,59.774193548387096,0.5031182795698924,-1.2021505376344086
Alberta,3,2000,30,8,9,28,15.0,11.269427669585237,45.0,0,1.0,6.123233995736766e-17,-14.572043010752688,72.94623655913979,60.02150537634409,0.3008602150537634,-9.352688172043012
Alberta,4,2000,139,30,8,9,15.666666666666666,12.423096769056686,47.0,0,0.8660254037844387,-0.4999999999999998,-8.575862068965519,74.59770114942529,54.82758620689656,0.6109195402298851,-1.3977011494252871
Alberta,5,2000,112,139,30,8,59.0,70.14983962918242,177.0,0,0.49999999999999994,-0.8660254037844387,-3.0688172043010757,69.10752688172043,45.72043010752688,1.3086021505376342,3.135483870967742
Alberta,6,2000,261,112,139,30,93.66666666666667,56.76559991168373,281.0,1,1.2246467991473532e-16,-1.0,2.755555555555555,55.34444444444444,30.744444444444447,2.537888888888889,9.49222222222222
Alberta,7,2000,197,261,112,139,170.66666666666666,79.38723658960141,512.0,1,-0.4999999999999997,-0.8660254037844388,7.878494623655914,65.55913978494624,38.87096774193548,2.964731182795699,13.610752688172044
Alberta,8,2000,74,197,261,112,190.0,74.74623736349554,570.0,1,-0.8660254037844385,-0.5000000000000004,12.738888888888887,69.53333333333333,44.12222222222223,3.5044444444444447,18.11777777777778
Alberta,9,2000,12,74,197,261,177.33333333333334,95.03858865394282,532.0,0,-1.0,-1.8369701987210297e-16,16.90215053763441,75.66666666666666,49.26881720430107,3.694086021505376,22.346236559139783
Alberta,10,2000,16,12,74,197,94.33333333333333,94.161209281388,283.0,0,-0.8660254037844386,0.5000000000000001,14.617204301075269,72.91397849462366,47.94623655913978,2.970430107526881,20.07204301075269
Alberta,11,2000,5,16,12,74,34.0,34.6987031457952,102.0,0,-0.5000000000000004,0.8660254037844384,9.617777777777778,71.85555555555555,48.78888888888889,1.998,15.358888888888888
Alberta,12,2000,1,5,16,12,11.0,5.567764362831641,33.0,0,-2.4492935982947064e-16,1.0,3.9634408602150537,70.51612903225806,50.82795698924731,1.247741935483871,9.035483870967743
Alberta,1,2001,4,1,5,16,7.333333333333333,7.767453465155195,22.0,0,0.49999999999999994,0.8660254037844387,-3.8655555555555554,73.86666666666666,59.41111111111111,0.4947777777777778,0.2444444444444444
Alberta,2,2001,2,4,1,5,3.3333333333333335,2.0816659994705033,10.0,0,0.8660254037844386,0.5000000000000001,-15.888172043010751,76.33333333333334,65.46236559139784,0.1804301075268817,-10.790322580645162
Alberta,3,2001,28,2,4,1,2.3333333333333335,1.5275252316579104,7.0,0,1.0,6.123233995736766e-17,-5.237634408602151,77.64516129032258,63.053763440860216,0.420752688172043,-0.1935483870967742
Alberta,4,2001,79,28,2,4,11.333333333333334,14.468356276141092,34.0,0,0.8660254037844387,-0.4999999999999998,-13.196428571428571,72.82142857142857,55.51190476190476,0.4963095238095238,-6.6309523809523805
Alberta,5,2001,292,79,28,2,36.333333333333336,39.17056718166525,109.0,0,0.49999999999999994,-0.8660254037844387,-3.403225806451613,62.70967741935484,39.903225806451616,1.3882795698924733,3.08494623655914
Alberta,6,2001,184,292,79,28,133.0,140.03928020380573,399.0,1,1.2246467991473532e-16,-1.0,3.2822222222222224,59.53333333333333,34.75555555555556,2.507111111111111,9.594444444444443
Alberta,7,2001,201,184,292,79,185.0,106.50352106855443,555.0,1,-0.4999999999999997,-0.8660254037844388,10.519354838709678,55.37634408602151,30.913978494623656,3.779247311827957,17.080645161290324
Alberta,8,2001,91,201,184,292,225.66666666666666,58.07179464536421,677.0,1,-0.8660254037844385,-0.5000000000000004,13.648888888888887,68.71111111111112,43.8,3.6636666666666655,18.81111111111111
Alberta,9,2001,55,91,201,184,158.66666666666666,59.21430007467242,476.0,0,-1.0,-1.8369701987210297e-16,16.876344086021504,72.56989247311827,47.17204301075269,3.80989247311828,22.372043010752687
Alberta,10,2001,56,55,91,201,115.66666666666667,76.06137872358974,347.0,0,-0.8660254037844386,0.5000000000000001,17.45483870967742,66.33333333333334,40.84946236559139,3.830860215053763,23.596774193548388
Alberta,11,2001,22,56,55,91,67.33333333333333,20.50203241957613,202.0,0,-0.5000000000000004,0.8660254037844384,12.097777777777775,68.74444444444445,44.17777777777778,2.4496666666666664,18.07333333333333
Alberta,12,2001,10,22,56,55,44.333333333333336,19.347695814575705,133.0,0,-2.4492935982947064e-16,1.0,2.981720430107527,66.06451612903226,45.774193548387096,1.2921505376344085,7.641935483870968
Alberta,1,2002,10,10,22,56,29.333333333333332,23.860706890898058,88.0,0,0.49999999999999994,0.8660254037844387,-2.26,75.86666666666666,61.977777777777774,0.5494444444444445,1.6266666666666665
Alberta,2,2002,4,10,10,22,14.0,6.928203230276705,42.0,0,0.8660254037844386,0.5000000000000001,-12.13548387096774,79.75268817204302,68.48387096774194,0.2061290322580645,-6.647311827956989
Alberta,3,2002,3,4,10,10,8.0,3.4641016151401334,24.0,0,1.0,6.123233995736766e-17,-12.422580645161291,75.7741935483871,63.40860215053764,0.3067741935483871,-7.158064516129032
Alberta,4,2002,35,3,4,10,5.666666666666667,3.785938897202354,17.0,0,0.8660254037844387,-0.4999999999999998,-6.863095238095238,75.20238095238095,57.72619047619048,0.6233333333333333,-0.8642857142857144
Alberta,5,2002,264,35,3,4,14.0,18.19340539866071,42.0,0,0.49999999999999994,-0.8660254037844387,-12.513978494623656,69.7741935483871,48.344086021505376,0.825268817204301,-5.644086021505377
Alberta,6,2002,588,264,35,3,100.66666666666667,142.35284799867318,302.0,1,1.2246467991473532e-16,-1.0,-1.8066666666666669,63.45555555555556,39.54444444444445,1.9252222222222224,4.397777777777778
Alberta,7,2002,358,588,264,35,295.6666666666667,277.8566776835377,887.0,1,-0.4999999999999997,-0.8660254037844388,7.166666666666666,54.03225806451613,31.93548387096774,3.4204301075268817,13.425806451612903
Alberta,8,2002,122,358,588,264,403.3333333333333,166.68933179220974,1210.0,1,-0.8660254037844385,-0.5000000000000004,16.074444444444445,59.988888888888894,33.86666666666667,4.501,22.40111111111111
Alberta,9,2002,60,122,358,588,356.0,233.00643767930544,1068.0,0,-1.0,-1.8369701987210297e-16,17.434408602150537,65.66666666666667,39.84946236559139,4.141827956989248,23.133333333333333
Alberta,10,2002,22,60,122,358,180.0,157.23867208800783,540.0,0,-0.8660254037844386,0.5000000000000001,14.668817204301076,70.19354838709677,44.60215053763441,3.208494623655913,20.358064516129037
Alberta,11,2002,21,22,60,122,68.0,50.477717856496355,204.0,0,-0.5000000000000004,0.8660254037844384,9.55,72.14444444444445,48.1,1.9903333333333333,14.708888888888888
Alberta,12,2002,6,21,22,60,34.333333333333336,22.233608194204205,103.0,0,-2.4492935982947064e-16,1.0,0.3301075268817203,74.53763440860214,54.53763440860215,0.9263440860215052,5.068817204301075
Alberta,1,2003,14,6,21,22,16.333333333333332,8.962886439835348,49.0,0,0.49999999999999994,0.8660254037844387,-2.9166666666666665,76.43333333333334,62.75555555555556,0.5384444444444444,1.4844444444444445
Alberta,2,2003,4,14,6,21,13.666666666666666,7.505553499468535,41.0,0,0.8660254037844386,0.5000000000000001,-5.994623655913978,76.23655913978494,65.75268817204301,0.3158064516129032,-2.2096774193548385
Alberta,3,2003,1,4,14,6,8.0,5.291502622134008,24.0,0,1.0,6.123233995736766e-17,-12.035483870967742,70.68817204301075,57.64516129032258,0.3738709677419354,-6.802150537634409
Alberta,4,2003,34,1,4,14,6.333333333333333,6.806859285557799,19.0,0,0.8660254037844387,-0.4999999999999998,-11.79404761904762,76.28571428571429,59.38095238095239,0.433452380952381,-6.082142857142857
Alberta,5,2003,267,34,1,4,13.0,18.24828759089606,39.0,0,0.49999999999999994,-0.8660254037844387,-8.06989247311828,71.27956989247312,48.16129032258065,1.0361290322580643,-1.7053763440860212
Alberta,6,2003,215,267,34,1,100.66666666666667,144.9908043061124,302.0,1,1.2246467991473532e-16,-1.0,3.118888888888889,66.6,42.73333333333333,2.256555555555556,9.67
Alberta,7,2003,328,215,267,34,172.0,122.30699080592265,516.0,1,-0.4999999999999997,-0.8660254037844388,8.595698924731183,62.36559139784946,37.3010752688172,3.300860215053764,15.026881720430108
Alberta,8,2003,257,328,215,267,270.0,56.559702969517524,810.0,1,-0.8660254037844385,-0.5000000000000004,13.868888888888888,68.85555555555555,43.5,3.695333333333333,19.637777777777774
Alberta,9,2003,59,257,328,215,266.6666666666667,57.116839314981206,800.0,0,-1.0,-1.8369701987210297e-16,17.50537634408602,69.47311827956989,43.67741935483871,4.147741935483871,23.143010752688173
Alberta,10,2003,57,59,257,328,214.66666666666666,139.40707777345233,644.0,0,-0.8660254037844386,0.5000000000000001,17.16774193548387,69.01075268817205,43.70967741935484,3.62505376344086,23.164516129032258
Alberta,11,2003,14,57,59,257,124.33333333333333,114.89705537277005,373.0,0,-0.5000000000000004,0.8660254037844384,10.24222222222222,71.86666666666666,47.94444444444444,2.109444444444444,15.891111111111112
Alberta,12,2003,7,14,57,59,43.333333333333336,25.423086620892207,130.0,0,-2.4492935982947064e-16,1.0,5.794623655913978,74.41935483870968,52.2258064516129,1.2694623655913977,10.901075268817204
Alberta,1,2004,3,7,14,57,26.0,27.07397274136279,78.0,0,0.49999999999999994,0.8660254037844387,-7.11,73.26666666666667,57.988888888888894,0.461,-2.31
Alberta,2,2004,3,3,7,14,8.0,5.567764362835029,24.0,0,0.8660254037844386,0.5000000000000001,-9.440860215053764,78.3978494623656,67.3978494623656,0.2710752688172043,-4.323655913978494
Alberta,3,2004,9,3,3,7,4.333333333333333,2.3094010767705924,13.0,0,1.0,6.123233995736766e-17,-16.690322580645162,76.7741935483871,66.18279569892472,0.1805376344086021,-12.229032258064516
Alberta,4,2004,230,9,3,3,5.0,3.464101615145812,15.0,0,0.8660254037844387,-0.4999999999999998,-7.290804597701149,78.39080459770115,60.310344827586206,0.5981609195402299,-0.9862068965517242
Alberta,5,2004,300,230,9,3,80.66666666666667,129.3612512823426,242.0,0,0.49999999999999994,-0.8660254037844387,-3.206451612903225,72.3763440860215,48.763440860215056,1.2734408602150538,3.5494623655913977
Alberta,6,2004,283,300,230,9,179.66666666666666,151.8892140124946,539.0,1,1.2246467991473532e-16,-1.0,4.348888888888889,57.71111111111111,33.74444444444445,2.582666666666667,10.955555555555556
Alberta,7,2004,658,283,300,230,271.0,36.510272527057964,813.0,1,-0.4999999999999997,-0.8660254037844388,6.789247311827957,61.73118279569893,38.096774193548384,2.96494623655914,12.691397849462366
Alberta,8,2004,122,658,283,300,413.6666666666667,211.7695288121815,1241.0,1,-0.8660254037844385,-0.5000000000000004,14.0,62.34444444444444,38.75555555555556,4.177111111111111,19.844444444444445
Alberta,9,2004,43,122,658,283,354.3333333333333,275.02787737488245,1063.0,0,-1.0,-1.8369701987210297e-16,17.531182795698925,72.18279569892472,47.354838709677416,3.8341935483870966,22.95268817204301
Alberta,10,2004,27,43,122,658,274.3333333333333,334.6047419468729,823.0,0,-0.8660254037844386,0.5000000000000001,14.568817204301077,74.93548387096774,51.55913978494623,2.826774193548387,19.648387096774197
Alberta,11,2004,3,27,43,122,64.0,50.862559904118356,192.0,0,-0.5000000000000004,0.8660254037844384,9.032222222222224,74.54444444444445,51.61111111111111,1.795777777777778,14.31777777777778
Alberta,12,2004,2,3,27,43,24.333333333333332,20.132891827389322,73.0,0,-2.4492935982947064e-16,1.0,2.2333333333333334,73.91397849462366,54.55913978494623,1.1130107526881718,7.259139784946236
Alberta,1,2005,4,2,3,27,10.666666666666666,14.153915830375679,32.0,0,0.49999999999999994,0.8660254037844387,-1.702222222222222,70.2,54.5,0.6481111111111111,2.2333333333333334
Alberta,2,2005,8,4,2,3,3.0,1.0000000000128138,9.0,0,0.8660254037844386,0.5000000000000001,-11.41505376344086,76.47311827956989,66.21505376344085,0.3041935483870968,-6.254838709677419
Alberta,3,2005,4,8,4,2,4.666666666666667,3.055050463308098,14.0,0,1.0,6.123233995736766e-17,-15.05483870967742,77.49462365591398,65.68817204301075,0.2327956989247311,-9.462365591397848
Alberta,4,2005,205,4,8,4,5.333333333333333,2.309401076764071,16.0,0,0.8660254037844387,-0.4999999999999998,-7.525,74.48809523809523,55.95238095238096,0.6694047619047618,-1.2023809523809526
Alberta,5,2005,443,205,4,8,72.33333333333333,114.91010979601997,217.0,0,0.49999999999999994,-0.8660254037844387,-2.2763440860215054,70.68817204301075,47.15053763440861,1.2946236559139783,3.616129032258064
Alberta,6,2005,283,443,205,4,217.33333333333334,219.75971726714013,652.0,1,1.2246467991473532e-16,-1.0,5.308888888888888,59.18888888888889,34.03333333333333,2.7116666666666664,11.972222222222223
Alberta,7,2005,250,283,443,205,310.3333333333333,121.3315018176787,931.0,1,-0.4999999999999997,-0.8660254037844388,9.787096774193548,61.45161290322581,37.02150537634409,3.6011827956989246,16.261290322580646
Alberta,8,2005,89,250,283,443,325.3333333333333,103.2295177424237,976.0,1,-0.8660254037844385,-0.5000000000000004,13.641111111111112,73.14444444444445,47.88888888888889,3.355888888888889,19.04111111111111
Alberta,9,2005,65,89,250,283,207.33333333333334,103.79948619012218,622.0,0,-1.0,-1.8369701987210297e-16,16.168817204301074,71.98924731182795,45.2258064516129,3.838279569892473,21.6494623655914
Alberta,10,2005,35,65,89,250,134.66666666666666,100.59986746180816,404.0,0,-0.8660254037844386,0.5000000000000001,14.138709677419357,73.90322580645162,49.43010752688172,2.966989247311828,19.929032258064517
Alberta,11,2005,30,35,65,89,63.0,27.055498516937966,189.0,0,-0.5000000000000004,0.8660254037844384,9.466666666666669,73.43333333333334,50.82222222222222,1.9766666666666663,14.433333333333334
Alberta,12,2005,9,30,35,65,43.333333333333336,18.929694486001754,130.0,0,-2.4492935982947064e-16,1.0,4.346236559139785,74.97849462365592,53.02150537634409,1.136021505376344,9.489247311827958
Alberta,1,2006,22,9,30,35,24.666666666666668,13.796134724384387,74.0,0,0.49999999999999994,0.8660254037844387,-0.9966666666666668,70.43333333333334,55.25555555555556,0.6641111111111111,2.7377777777777776
Alberta,2,2006,19,22,9,30,20.333333333333332,10.598742063724568,61.0,0,0.8660254037844386,0.5000000000000001,-6.374193548387097,75.1505376344086,63.61290322580645,0.3251612903225806,-2.9451612903225803
Alberta,3,2006,50,19,22,9,16.666666666666668,6.806859285556331,50.0,0,1.0,6.123233995736766e-17,-6.587096774193548,76.09677419354838,63.32258064516129,0.3773118279569892,-2.2
Alberta,4,2006,355,50,19,22,30.333333333333332,17.0977581376438,91.0,0,0.8660254037844387,-0.4999999999999998,-8.561904761904762,69.1547619047619,51.10714285714285,0.6508333333333333,-2.4119047619047618
Alberta,5,2006,399,355,50,19,141.33333333333334,185.68880777616448,424.0,0,0.49999999999999994,-0.8660254037844387,-5.187096774193549,76.40860215053763,55.64516129032258,1.0352688172043012,0.3720430107526881
Alberta,6,2006,354,399,355,50,268.0,190.07103935108063,804.0,1,1.2246467991473532e-16,-1.0,6.79,59.22222222222222,31.82222222222222,2.945888888888889,14.474444444444446
Alberta,7,2006,546,354,399,355,369.3333333333333,25.696951829611418,1108.0,1,-0.4999999999999997,-0.8660254037844388,11.083870967741936,64.18279569892474,37.784946236559136,3.454516129032258,17.294623655913977
Alberta,8,2006,154,546,354,399,433.0,100.41414243023756,1299.0,1,-0.8660254037844385,-0.5000000000000004,16.22111111111111,65.9,42.75555555555556,4.188888888888889,21.66555555555556
Alberta,9,2006,141,154,546,354,351.3333333333333,196.01360496999533,1054.0,0,-1.0,-1.8369701987210297e-16,18.458064516129035,69.73118279569891,43.38709677419355,4.017849462365592,23.950537634408605
Alberta,10,2006,56,141,154,546,280.3333333333333,230.16588220962151,841.0,0,-0.8660254037844386,0.5000000000000001,15.96989247311828,70.1505376344086,44.31182795698925,3.488064516129032,21.891397849462365
Alberta,11,2006,6,56,141,154,117.0,53.22593352868539,351.0,0,-0.5000000000000004,0.8660254037844384,12.117777777777778,71.74444444444445,48.86666666666667,2.3507777777777776,17.612222222222222
Alberta,12,2006,5,6,56,141,67.66666666666667,68.25198409814446,203.0,0,-2.4492935982947064e-16,1.0,2.4064516129032256,74.29032258064517,53.763440860215056,1.0306451612903225,6.689247311827957
Alberta,1,2007,6,5,6,56,22.333333333333332,29.160475533388713,67.0,0,0.49999999999999994,0.8660254037844387,-11.041111111111112,74.95555555555555,64.21111111111111,0.3419999999999999,-7.147777777777778
Alberta,2,2007,3,6,5,6,5.666666666666667,0.5773502692130695,17.0,0,0.8660254037844386,0.5000000000000001,-6.827956989247311,75.26881720430109,64.93548387096774,0.3820430107526882,-2.5172043010752687
Alberta,3,2007,9,3,6,5,4.666666666666667,1.527525231660782,14.0,0,1.0,6.123233995736766e-17,-8.393548387096773,73.0,60.59139784946236,0.4173118279569892,-3.806451612903226
Alberta,4,2007,129,9,3,6,6.0,3.000000000004516,18.0,0,0.8660254037844387,-0.4999999999999998,-13.498809523809523,76.08333333333334,60.01190476190476,0.4119047619047619,-8.123809523809523
Alberta,5,2007,238,129,9,3,47.0,71.07742257566765,141.0,0,0.49999999999999994,-0.8660254037844387,-3.5021505376344084,70.09677419354838,46.67741935483871,1.2810752688172042,2.847311827956989
Alberta,6,2007,264,238,129,9,125.33333333333333,114.54402356008528,376.0,1,1.2246467991473532e-16,-1.0,2.0900000000000003,67.13333333333334,42.95555555555556,2.137,8.02111111111111
Alberta,7,2007,410,264,238,129,210.33333333333334,71.62634524623866,631.0,1,-0.4999999999999997,-0.8660254037844388,9.631182795698924,65.91397849462365,39.516129032258064,3.327956989247312,16.08279569892473
Alberta,8,2007,163,410,264,238,304.0,92.71461589199431,912.0,1,-0.8660254037844385,-0.5000000000000004,14.501111111111111,68.71111111111112,42.32222222222222,3.924111111111111,19.77777777777778
Alberta,9,2007,66,163,410,264,279.0,124.18131904598229,837.0,0,-1.0,-1.8369701987210297e-16,19.83655913978495,68.19354838709677,42.03225806451613,4.583333333333334,25.635483870967743
Alberta,10,2007,59,66,163,410,213.0,177.36685146892597,639.0,0,-0.8660254037844386,0.5000000000000001,13.73225806451613,75.34408602150538,50.88172043010753,2.754516129032258,18.865591397849464
Alberta,11,2007,26,59,66,163,96.0,58.12916651733486,288.0,0,-0.5000000000000004,0.8660254037844384,9.572222222222225,73.84444444444445,49.46666666666667,2.0044444444444443,15.157777777777778
Alberta,12,2007,5,26,59,66,50.333333333333336,21.361959960017177,151.0,0,-2.4492935982947064e-16,1.0,5.087096774193548,71.12903225806451,49.46236559139785,1.3074193548387096,10.148387096774194
Alberta,1,2008,12,5,26,59,30.0,27.2213151776332,90.0,0,0.49999999999999994,0.8660254037844387,-4.443333333333333,71.42222222222222,58.68888888888889,0.591,-0.8677777777777779
Alberta,2,2008,4,12,5,26,14.333333333333334,10.692676621565667,43.0,0,0.8660254037844386,0.5000000000000001,-13.394623655913978,78.45161290322581,68.51612903225806,0.1890322580645161,-9.26989247311828
Alberta,3,2008,20,4,12,5,7.0,4.3588989435456815,21.0,0,1.0,6.123233995736766e-17,-13.886021505376345,77.64516129032258,65.79569892473118,0.231505376344086,-8.695698924731182
Alberta,4,2008,103,20,4,12,12.0,8.000000000002728,36.0,0,0.8660254037844387,-0.4999999999999998,-11.77816091954023,74.55172413793103,55.86206896551724,0.539080459770115,-5.251724137931035
Alberta,5,2008,438,103,20,4,42.333333333333336,53.14445722117573,127.0,0,0.49999999999999994,-0.8660254037844387,-4.283870967741936,70.11827956989247,47.053763440860216,1.2305376344086023,1.7526881720430108
Alberta,6,2008,342,438,103,20,187.0,221.29844102478455,561.0,1,1.2246467991473532e-16,-1.0,-0.3844444444444445,66.56666666666666,42.18888888888889,2.022222222222222,5.8277777777777775
Alberta,7,2008,414,342,438,103,294.3333333333333,172.51183534277692,883.0,1,-0.4999999999999997,-0.8660254037844388,10.021505376344086,62.02150537634409,37.64516129032258,3.5567741935483874,16.208602150537637
Alberta,8,2008,221,414,342,438,398.0,49.959983987187655,1194.0,1,-0.8660254037844385,-0.5000000000000004,14.78,67.7,40.73333333333333,4.042111111111111,20.476666666666667
Alberta,9,2008,75,221,414,342,325.6666666666667,97.53119159188707,977.0,0,-1.0,-1.8369701987210297e-16,17.094623655913978,69.19354838709677,42.74193548387097,4.043118279569892,22.74301075268817
Alberta,10,2008,87,75,221,414,236.66666666666666,170.04215163697907,710.0,0,-0.8660254037844386,0.5000000000000001,16.626881720430106,70.08602150537634,45.182795698924735,3.427311827956989,22.627956989247316
Alberta,11,2008,23,87,75,221,127.66666666666667,81.05142400558663,383.0,0,-0.5000000000000004,0.8660254037844384,10.514444444444443,72.41111111111111,48.13333333333333,2.185777777777778,16.38111111111111
Alberta,12,2008,4,23,87,75,61.666666666666664,34.01960219246235,185.0,0,-2.4492935982947064e-16,1.0,5.45483870967742,65.94623655913978,45.64516129032258,1.5006451612903224,10.764516129032256
Alberta,1,2009,8,4,23,87,38.0,43.48562981031845,114.0,0,0.49999999999999994,0.8660254037844387,-1.2255555555555555,78.33333333333333,65.54444444444444,0.5138888888888888,2.358888888888889
Alberta,2,2009,11,8,4,23,11.666666666666666,10.016652800880712,35.0,0,0.8660254037844386,0.5000000000000001,-17.05268817204301,75.86021505376344,65.45161290322581,0.189247311827957,-12.526881720430106
Alberta,3,2009,5,11,8,4,7.666666666666667,3.511884584292536,23.0,0,1.0,6.123233995736766e-17,-13.580645161290322,73.11827956989247,60.27956989247312,0.3558064516129032,-8.425806451612903
Alberta,4,2009,127,5,11,8,8.0,3.000000000009702,24.0,0,0.8660254037844387,-0.4999999999999998,-11.133333333333336,74.63095238095238,57.773809523809526,0.4932142857142857,-4.972619047619048
Alberta,5,2009,493,127,5,11,47.666666666666664,68.77014856268227,143.0,0,0.49999999999999994,-0.8660254037844387,-8.411827956989248,71.38709677419355,48.62365591397849,1.0029032258064516,-1.5301075268817204
Alberta,6,2009,454,493,127,5,208.33333333333334,253.9632519348683,625.0,1,1.2246467991473532e-16,-1.0,2.1688888888888886,65.1888888888889,39.38888888888889,2.186777777777778,7.90888888888889
Alberta,7,2009,170,454,493,127,358.0,201.00000000000009,1074.0,1,-0.4999999999999997,-0.8660254037844388,7.862365591397849,60.3010752688172,34.913978494623656,3.4070967741935485,14.56021505376344
Alberta,8,2009,179,170,454,493,372.3333333333333,176.3074965318644,1117.0,1,-0.8660254037844385,-0.5000000000000004,13.805555555555555,63.422222222222224,36.6,4.099777777777778,19.636666666666667
Alberta,9,2009,174,179,170,454,267.6666666666667,161.43213228268218,803.0,0,-1.0,-1.8369701987210297e-16,16.583870967741937,69.52688172043011,42.04301075268817,3.958064516129032,22.2505376344086
Alberta,10,2009,45,174,179,170,174.33333333333334,4.509249752832176,523.0,0,-0.8660254037844386,0.5000000000000001,16.135483870967743,68.74193548387096,41.29032258064516,3.4698924731182794,22.155913978494624
Alberta,11,2009,17,45,174,179,132.66666666666666,75.96271015000337,398.0,0,-0.5000000000000004,0.8660254037844384,14.6,64.43333333333334,41.77777777777778,2.874888888888889,20.773333333333333
Alberta,12,2009,10,17,45,174,78.66666666666667,83.73967598058545,236.0,0,-2.4492935982947064e-16,1.0,1.1741935483870969,74.45161290322581,54.41935483870968,0.8868817204301075,4.961290322580646
Alberta,1,2010,7,10,17,45,24.0,18.52025917745532,72.0,0,0.49999999999999994,0.8660254037844387,-0.8177777777777778,68.03333333333333,53.43333333333333,0.7441111111111112,3.143333333333333
Alberta,2,2010,6,7,10,17,11.333333333333334,5.131601439458662,34.0,0,0.8660254037844386,0.5000000000000001,-15.6,74.55913978494624,63.68817204301075,0.199247311827957,-10.93763440860215
Alberta,3,2010,48,6,7,10,7.666666666666667,2.0816659994953666,23.0,0,1.0,6.123233995736766e-17,-11.63763440860215,80.0,68.25806451612904,0.2378494623655914,-6.466666666666667
Alberta,4,2010,338,48,6,7,20.333333333333332,23.9652526240274,61.0,0,0.8660254037844387,-0.4999999999999998,-7.595238095238095,81.36904761904762,62.55952380952381,0.564404761904762,-1.2940476190476191
Alberta,5,2010,381,338,48,6,130.66666666666666,180.77979238104413,392.0,0,0.49999999999999994,-0.8660254037844387,0.0129032258064516,65.73118279569893,38.5268817204301,1.5458064516129033,7.1860215053763445
Alberta,6,2010,349,381,338,48,255.66666666666666,181.12518691041674,767.0,1,1.2246467991473532e-16,-1.0,5.05,58.85555555555556,34.01111111111111,2.628222222222222,11.39
Alberta,7,2010,506,349,381,338,356.0,22.338307903689667,1068.0,1,-0.4999999999999997,-0.8660254037844388,8.670967741935485,62.82795698924731,38.107526881720425,3.100860215053763,14.525806451612905
Alberta,8,2010,174,506,349,381,412.0,82.96384754819435,1236.0,1,-0.8660254037844385,-0.5000000000000004,14.653333333333334,65.7,39.31111111111111,4.066777777777777,20.297777777777775
Alberta,9,2010,49,174,506,349,343.0,166.08130538986035,1029.0,0,-1.0,-1.8369701987210297e-16,16.870967741935484,68.8494623655914,42.3010752688172,4.031505376344086,22.40752688172043
Alberta,10,2010,62,49,174,506,243.0,236.1842501099514,729.0,0,-0.8660254037844386,0.5000000000000001,15.244086021505376,74.55913978494624,48.60215053763441,2.992043010752688,20.517204301075267
Alberta,11,2010,26,62,49,174,95.0,68.72408602520738,285.0,0,-0.5000000000000004,0.8660254037844384,9.033333333333331,76.36666666666666,52.78888888888889,1.82,14.26
Alberta,12,2010,3,26,62,49,45.666666666666664,18.23001188517018,137.0,0,-2.4492935982947064e-16,1.0,6.261290322580645,67.24731182795698,48.344086021505376,1.5613978494623657,11.36236559139785
Alberta,1,2011,2,3,26,62,30.333333333333332,29.737742572923196,91.0,0,0.49999999999999994,0.8660254037844387,-5.681111111111111,71.63333333333334,56.6,0.5477777777777778,-1.45
Alberta,6,2011,115,405,140,1,182.0,205.24862971527992,546.0,1,1.2246467991473532e-16,-1.0,-14.331182795698924,80.55913978494624,70.86021505376344,0.1535483870967741,-9.863440860215054
Alberta,7,2011,174,115,405,140,220.0,160.70158679988222,660.0,1,-0.4999999999999997,-0.8660254037844388,10.711827956989248,59.064516129032256,35.064516129032256,3.87752688172043,16.80322580645161
Alberta,8,2011,160,174,115,405,231.33333333333334,153.265564734331,694.0,1,-0.8660254037844385,-0.5000000000000004,13.676666666666668,73.0,46.52222222222223,3.438222222222222,19.241111111111117
Alberta,9,2011,135,160,174,115,149.66666666666666,30.827476921302313,449.0,0,-1.0,-1.8369701987210297e-16,16.188172043010756,72.73118279569891,48.3010752688172,3.6444086021505377,21.21720430107527
Alberta,10,2011,44,135,160,174,156.33333333333334,19.75685535031891,469.0,0,-0.8660254037844386,0.5000000000000001,16.01505376344086,71.6021505376344,46.26881720430107,3.389247311827957,21.695698924731182
Alberta,11,2011,29,44,135,160,113.0,61.04916051838962,339.0,0,-0.5000000000000004,0.8660254037844384,13.256666666666666,63.46666666666667,40.93333333333333,2.857333333333333,19.727777777777774
Alberta,12,2011,3,29,44,135,69.33333333333333,57.36142722538767,208.0,0,-2.4492935982947064e-16,1.0,5.161290322580645,71.21505376344085,51.784946236559136,1.2095698924731184,9.729032258064516
Alberta,1,2012,14,3,29,44,25.333333333333332,20.744477176671772,76.0,0,0.49999999999999994,0.8660254037844387,-5.214444444444444,69.12222222222222,55.02222222222223,0.6007777777777777,-0.99
Alberta,2,2012,3,14,3,29,15.333333333333334,13.051181300306057,46.0,0,0.8660254037844386,0.5000000000000001,-5.354838709677419,74.51612903225806,60.29032258064516,0.4488172043010753,-0.6505376344086021
Alberta,3,2012,32,3,14,3,6.666666666666667,6.3508529610959,20.0,0,1.0,6.123233995736766e-17,-9.608602150537637,71.59139784946237,58.83870967741935,0.4274193548387097,-4.629032258064516
Alberta,4,2012,123,32,3,14,16.333333333333332,14.640127504002765,49.0,0,0.8660254037844387,-0.4999999999999998,-7.674712643678161,74.72413793103448,56.22988505747127,0.5996551724137931,-1.2160919540229884
Alberta,5,2012,456,123,32,3,52.666666666666664,62.61256529909512,158.0,0,0.49999999999999994,-0.8660254037844387,-3.3806451612903223,73.27956989247312,49.36559139784946,1.2132258064516128,2.903225806451613
Alberta,6,2012,124,456,123,32,203.66666666666666,223.2136495229031,611.0,1,1.2246467991473532e-16,-1.0,2.8433333333333333,64.15555555555555,39.27777777777778,2.135333333333333,9.02888888888889
Alberta,7,2012,410,124,456,123,234.33333333333334,191.96961565136658,703.0,1,-0.4999999999999997,-0.8660254037844388,9.966666666666663,57.344086021505376,32.27956989247312,3.6963440860215058,16.216129032258063
Alberta,8,2012,272,410,124,456,330.0,179.87773625437936,990.0,1,-0.8660254037844385,-0.5000000000000004,14.873333333333331,68.41111111111111,42.7,3.771888888888889,19.96
Alberta,9,2012,170,272,410,124,268.6666666666667,143.02913456122639,806.0,0,-1.0,-1.8369701987210297e-16,18.818279569892475,75.0,47.913978494623656,3.995591397849463,24.265591397849462
Alberta,10,2012,40,170,272,410,284.0,120.44915939930866,852.0,0,-0.8660254037844386,0.5000000000000001,17.298924731182794,69.66666666666666,43.50537634408602,3.5880645161290325,23.16774193548387
Alberta,11,2012,2,40,170,272,160.66666666666666,116.28126819627235,482.0,0,-0.5000000000000004,0.8660254037844384,13.112222222222222,66.33333333333333,42.37777777777777,2.639888888888889,19.63222222222222
Alberta,4,2013,37,9,3,1,4.333333333333333,4.163331998944999,13.0,0,0.8660254037844387,-0.4999999999999998,0.8118279569892473,75.87096774193549,56.74193548387097,0.8867741935483872,4.839784946236559
Alberta,5,2013,529,37,9,3,16.333333333333332,18.14754345175781,49.0,0,0.49999999999999994,-0.8660254037844387,-6.526881720430108,69.89247311827957,46.903225806451616,1.105483870967742,-0.5032258064516129
Alberta,6,2013,132,529,37,9,191.66666666666666,292.47450031299036,575.0,1,1.2246467991473532e-16,-1.0,-0.2377777777777777,68.91111111111111,45.08888888888889,1.8142222222222224,5.394444444444445
Alberta,7,2013,211,132,529,37,232.66666666666666,260.9910598724282,698.0,1,-0.4999999999999997,-0.8660254037844388,11.56989247311828,59.483870967741936,35.215053763440864,3.972258064516129,18.47741935483871
Alberta,8,2013,180,211,132,529,290.6666666666667,210.14836029180287,872.0,1,-0.8660254037844385,-0.5000000000000004,14.556666666666668,75.96666666666667,51.44444444444444,3.327,19.224444444444444
Alberta,9,2013,135,180,211,132,174.33333333333334,39.80368492154211,523.0,0,-1.0,-1.8369701987210297e-16,16.236559139784944,73.51612903225806,48.58064516129032,3.7123655913978495,21.456989247311828
Alberta,10,2013,26,135,180,211,175.33333333333334,38.2143079661715,526.0,0,-0.8660254037844386,0.5000000000000001,17.04516129032258,74.3225806451613,49.02150537634409,3.3067741935483874,22.358064516129037
Alberta,11,2013,15,26,135,180,113.66666666666667,79.18543637142753,341.0,0,-0.5000000000000004,0.8660254037844384,13.87888888888889,66.77777777777777,42.766666666666666,2.730888888888889,20.046666666666667
Alberta,12,2013,1,15,26,135,58.666666666666664,66.3350083540614,176.0,0,-2.4492935982947064e-16,1.0,4.490322580645161,73.18279569892472,52.62365591397849,1.1272043010752688,9.44516129032258
Alberta,1,2014,9,1,15,26,14.0,12.529964086144128,42.0,0,0.49999999999999994,0.8660254037844387,-6.6177777777777775,73.83333333333333,58.88888888888889,0.4267777777777777,-2.286666666666666
Alberta,6,2014,282,360,81,11,150.66666666666666,184.63567730353037,452.0,1,1.2246467991473532e-16,-1.0,-16.136559139784946,77.04301075268818,67.64516129032258,0.191505376344086,-10.980645161290322
Alberta,7,2014,330,282,360,81,241.0,143.947907244253,723.0,1,-0.4999999999999997,-0.8660254037844388,8.30752688172043,65.04301075268818,39.795698924731184,3.008279569892473,14.43763440860215
Alberta,8,2014,263,330,282,360,324.0,39.34463114581288,972.0,1,-0.8660254037844385,-0.5000000000000004,14.203333333333337,71.23333333333333,44.11111111111111,3.7353333333333336,19.737777777777776
Alberta,9,2014,114,263,330,282,291.6666666666667,34.53018003621474,875.0,0,-1.0,-1.8369701987210297e-16,19.094623655913978,68.63440860215053,41.67741935483871,4.478494623655914,24.99247311827957
Alberta,10,2014,39,114,263,330,235.66666666666666,110.56370712550027,707.0,0,-0.8660254037844386,0.5000000000000001,17.640860215053763,69.33333333333334,42.84946236559139,3.566989247311828,23.200000000000003
Alberta,11,2014,15,39,114,263,138.66666666666666,114.01900426390945,416.0,0,-0.5000000000000004,0.8660254037844384,10.918888888888889,70.94444444444444,45.78888888888889,2.192555555555556,16.973333333333333
Alberta,12,2014,2,15,39,114,56.0,51.64300533470207,168.0,0,-2.4492935982947064e-16,1.0,5.872043010752688,75.13978494623656,53.96774193548387,1.2121505376344086,10.72258064516129
Alberta,1,2015,2,2,15,39,18.666666666666668,18.77054430040317,56.0,0,0.49999999999999994,0.8660254037844387,-8.555555555555555,77.32222222222222,63.47777777777778,0.3613333333333333,-4.197777777777778
Alberta,2,2015,4,2,2,15,6.333333333333333,7.505553499469399,19.0,0,0.8660254037844386,0.5000000000000001,-9.911827956989248,82.03225806451613,72.24731182795698,0.2020430107526881,-5.662365591397849
Alberta,3,2015,32,4,2,2,2.6666666666666665,1.1547005384068862,8.0,0,1.0,6.123233995736766e-17,-9.733333333333334,78.41935483870968,66.50537634408602,0.3237634408602151,-4.883870967741935
Alberta,4,2015,277,32,4,2,12.666666666666666,16.772994167214083,38.0,0,0.8660254037844387,-0.4999999999999998,-11.409523809523808,74.27380952380952,57.33333333333333,0.4834523809523809,-5.2559523809523805
Alberta,5,2015,505,277,32,4,104.33333333333333,150.18766038970512,313.0,0,0.49999999999999994,-0.8660254037844387,-1.3258064516129031,71.27956989247312,47.08602150537634,1.333225806451613,5.589247311827957
Alberta,6,2015,504,505,277,32,271.3333333333333,236.55091065843186,814.0,1,1.2246467991473532e-16,-1.0,4.6866666666666665,54.922222222222224,30.744444444444447,2.785,11.71
Alberta,7,2015,318,504,505,277,428.6666666666667,131.34813791346042,1286.0,1,-0.4999999999999997,-0.8660254037844388,10.64516129032258,53.37634408602151,30.41935483870968,4.125376344086022,17.155913978494624
Alberta,8,2015,162,318,504,505,442.3333333333333,107.67698608956984,1327.0,1,-0.8660254037844385,-0.5000000000000004,16.295555555555556,62.077777777777776,35.64444444444444,4.425777777777778,21.96444444444444
Alberta,9,2015,55,162,318,504,328.0,171.21915780659617,984.0,0,-1.0,-1.8369701987210297e-16,18.14731182795699,66.63440860215053,40.60215053763441,4.28763440860215,23.940860215053764
Alberta,10,2015,62,55,162,318,178.33333333333334,132.25858510256873,535.0,0,-0.8660254037844386,0.5000000000000001,16.68494623655914,67.59139784946237,41.73118279569893,3.4838709677419355,22.55161290322581
Alberta,11,2015,23,62,55,162,93.0,59.85816569190944,279.0,0,-0.5000000000000004,0.8660254037844384,9.926666666666668,71.71111111111112,46.21111111111111,2.0345555555555555,15.594444444444443
Alberta,12,2015,8,23,62,55,46.666666666666664,20.792626898336337,140.0,0,-2.4492935982947064e-16,1.0,6.450537634408602,72.34408602150538,51.16129032258065,1.373225806451613,11.833333333333332
Alberta,1,2016,7,8,23,62,31.0,27.874719729534267,93.0,0,0.49999999999999994,0.8660254037844387,-2.631111111111111,70.64444444444445,54.95555555555556,0.6172222222222222,1.451111111111111
Alberta,2,2016,12,7,8,23,12.666666666666666,8.96288643983737,38.0,0,0.8660254037844386,0.5000000000000001,-9.456989247311828,79.75268817204302,70.16129032258064,0.2280645161290322,-5.361290322580645
Alberta,3,2016,62,12,7,8,9.0,2.6457513110810957,27.0,0,1.0,6.123233995736766e-17,-9.825806451612904,78.40860215053763,66.89247311827957,0.2966666666666667,-5.061290322580645
Alberta,4,2016,287,62,12,7,27.0,30.413812651492528,81.0,0,0.8660254037844387,-0.4999999999999998,-5.062068965517242,74.7471264367816,56.09195402298851,0.6705747126436781,0.9206896551724136
Alberta,5,2016,250,287,62,12,120.33333333333333,146.48663192705817,361.0,0,0.49999999999999994,-0.8660254037844387,-0.810752688172043,74.19354838709677,50.5268817204301,1.2558064516129033,4.835483870967742
Alberta,6,2016,402,250,287,62,199.66666666666666,120.64963047325682,599.0,1,1.2246467991473532e-16,-1.0,5.86,61.16666666666666,37.22222222222222,2.7396666666666665,12.71888888888889
Alberta,7,2016,221,402,250,287,313.0,79.26537705707383,939.0,1,-0.4999999999999997,-0.8660254037844388,11.810752688172045,59.88172043010753,35.473118279569896,3.677096774193548,18.71720430107527
Alberta,8,2016,128,221,402,250,291.0,97.21625378505432,873.0,1,-0.8660254037844385,-0.5000000000000004,15.96111111111111,66.66666666666667,41.17777777777778,4.183888888888889,21.55111111111111
Alberta,9,2016,85,128,221,402,250.33333333333334,139.3353269394859,751.0,0,-1.0,-1.8369701987210297e-16,17.379569892473118,75.65591397849462,49.39784946236559,3.6897849462365593,22.45483870967742
Alberta,10,2016,14,85,128,221,144.66666666666666,69.5149863938232,434.0,0,-0.8660254037844386,0.5000000000000001,16.19677419354839,75.95698924731182,51.03225806451613,2.9915053763440858,21.29247311827957
Alberta,11,2016,13,14,85,128,75.66666666666667,57.570246945218344,227.0,0,-0.5000000000000004,0.8660254037844384,11.05,72.33333333333333,49.63333333333333,2.072111111111111,16.456666666666667
Alberta,12,2016,4,13,14,85,37.333333333333336,41.28357219686083,112.0,0,-2.4492935982947064e-16,1.0,1.1408602150537634,83.3978494623656,66.3978494623656,0.6873118279569892,4.5569892473118285
Alberta,1,2017,4,4,13,14,10.333333333333334,5.507570547293956,31.0,0,0.49999999999999994,0.8660254037844387,-0.1022222222222222,79.63333333333334,66.52222222222223,0.5364444444444445,3.651111111111111
Alberta,2,2017,4,4,4,13,7.0,5.196152422714945,21.0,0,0.8660254037844386,0.5000000000000001,-13.858064516129032,74.18279569892472,64.43010752688171,0.2770967741935484,-9.825806451612904
Alberta,3,2017,14,4,4,4,4.0,0.0,12.0,0,1.0,6.123233995736766e-17,-9.497849462365592,75.81720430107528,61.354838709677416,0.3783870967741936,-4.546236559139785
Alberta,4,2017,101,14,4,4,7.333333333333333,5.773502691903741,22.0,0,0.8660254037844387,-0.4999999999999998,-8.882142857142856,71.55952380952381,51.88095238095239,0.6295238095238095,-3.5583333333333336
Alberta,5,2017,348,101,14,4,39.666666666666664,53.351038727783184,119.0,0,0.49999999999999994,-0.8660254037844387,-6.429032258064517,69.17204301075269,44.193548387096776,1.1670967741935483,0.981720430107527
Alberta,6,2017,176,348,101,14,154.33333333333334,173.2695395426831,463.0,1,1.2246467991473532e-16,-1.0,2.2244444444444444,68.22222222222223,40.8,1.9933333333333327,8.53
Alberta,7,2017,285,176,348,101,208.33333333333334,126.63464507524561,625.0,1,-0.4999999999999997,-0.8660254037844388,11.264516129032256,59.31182795698925,34.0752688172043,3.74741935483871,18.287096774193547
Alberta,8,2017,264,285,176,348,269.6666666666667,87.01915497942639,809.0,1,-0.8660254037844385,-0.5000000000000004,15.024444444444445,64.58888888888889,35.96666666666667,4.038666666666667,21.32
Alberta,9,2017,77,264,285,176,241.66666666666666,57.830211250983936,725.0,0,-1.0,-1.8369701987210297e-16,17.733333333333334,69.76344086021506,42.935483870967744,4.090860215053763,23.99247311827957
Alberta,10,2017,49,77,264,285,208.66666666666666,114.50909716408313,626.0,0,-0.8660254037844386,0.5000000000000001,16.697849462365593,67.30107526881721,41.483870967741936,3.64,22.976344086021506
Alberta,11,2017,5,49,77,264,130.0,116.88883607941393,390.0,0,-0.5000000000000004,0.8660254037844384,11.763333333333332,71.23333333333333,46.3,2.263,17.90666666666667
Alberta,12,2017,3,5,49,77,43.666666666666664,36.29508690351139,131.0,0,-2.4492935982947064e-16,1.0,4.035483870967743,70.1505376344086,50.182795698924735,1.2306451612903226,9.120430107526882
Alberta,1,2018,4,3,5,49,19.0,26.00000000000218,57.0,0,0.49999999999999994,0.8660254037844387,-8.477777777777778,76.0,61.91111111111111,0.4151111111111111,-3.7977777777777777
Alberta,6,2018,337,454,97,19,190.0,231.93318003252597,570.0,1,1.2246467991473532e-16,-1.0,-8.906451612903227,70.63440860215053,58.6989247311828,0.4574193548387096,-5.132258064516129
Alberta,7,2018,166,337,454,97,296.0,181.9972527265181,888.0,1,-0.4999999999999997,-0.8660254037844388,13.295698924731184,54.494623655913976,29.956989247311828,4.116236559139785,20.468817204301075
Alberta,8,2018,178,166,337,454,319.0,144.84129245488003,957.0,1,-0.8660254037844385,-0.5000000000000004,14.704444444444444,68.43333333333334,42.266666666666666,3.658666666666667,20.675555555555555
Alberta,9,2018,62,178,166,337,227.0,95.45155839482196,681.0,0,-1.0,-1.8369701987210297e-16,16.7752688172043,73.0752688172043,48.59139784946236,3.777849462365592,22.34086021505377
Alberta,10,2018,53,62,178,166,135.33333333333334,63.79132647416461,406.0,0,-0.8660254037844386,0.5000000000000001,16.623655913978496,69.63440860215053,45.46236559139785,3.396989247311828,22.68064516129032
Alberta,11,2018,9,53,62,178,97.66666666666667,69.71609092120313,293.0,0,-0.5000000000000004,0.8660254037844384,5.558888888888889,75.0,51.91111111111111,1.5344444444444445,10.584444444444443
Alberta,12,2018,3,9,53,62,41.333333333333336,28.36077102854351,124.0,0,-2.4492935982947064e-16,1.0,2.475268817204301,68.78494623655915,48.15053763440861,1.2039784946236558,7.66774193548387
Alberta,1,2019,17,3,9,53,21.666666666666668,27.300793639260323,65.0,0,0.49999999999999994,0.8660254037844387,-4.319999999999999,77.77777777777779,64.11111111111111,0.4045555555555555,-0.0788888888888888
Alberta,2,2019,1,17,3,9,9.666666666666666,7.023769168578879,29.0,0,0.8660254037844386,0.5000000000000001,-7.844086021505377,77.46236559139786,65.29032258064517,0.2944086021505376,-3.6688172043010754
Alberta,3,2019,34,1,17,3,7.0,8.717797887089747,21.0,0,1.0,6.123233995736766e-17,-9.887096774193548,74.68817204301075,61.0,0.3533333333333333,-4.366666666666667
Alberta,4,2019,188,34,1,17,17.333333333333332,16.50252505931979,52.0,0,0.8660254037844387,-0.4999999999999998,-20.21666666666667,70.72619047619047,54.45238095238096,0.306547619047619,-14.357142857142858
Alberta,5,2019,315,188,34,1,74.33333333333333,99.81148898465278,223.0,0,0.49999999999999994,-0.8660254037844387,-3.3806451612903223,68.78494623655915,44.55913978494623,1.3855913978494625,3.617204301075269
Alberta,6,2019,180,315,188,34,179.0,140.71602609511152,537.0,1,1.2246467991473532e-16,-1.0,3.31,61.34444444444444,34.833333333333336,2.2576666666666667,9.683333333333334
Alberta,7,2019,219,180,315,188,227.66666666666666,75.73858549863097,683.0,1,-0.4999999999999997,-0.8660254037844388,9.068817204301077,57.95698924731183,33.182795698924735,3.465268817204301,15.86774193548387
Alberta,8,2019,78,219,180,315,238.0,69.4766147707277,714.0,1,-0.8660254037844385,-0.5000000000000004,13.855555555555556,70.68888888888888,43.577777777777776,3.411222222222222,19.466666666666665
Alberta,9,2019,30,78,219,180,159.0,72.80796659707032,477.0,0,-1.0,-1.8369701987210297e-16,15.850537634408605,75.75268817204302,50.43010752688172,3.3740860215053763,21.2505376344086
Alberta,10,2019,17,30,78,219,109.0,98.23950325607368,327.0,0,-0.8660254037844386,0.5000000000000001,14.198924731182794,78.17204301075269,53.66666666666667,2.639784946236559,19.655913978494624
Alberta,11,2019,1,17,30,78,41.666666666666664,32.12994449627093,125.0,0,-0.5000000000000004,0.8660254037844384,10.557777777777778,76.34444444444445,51.922222222222224,1.8893333333333333,15.704444444444444
Alberta,12,2019,1,1,17,30,16.0,14.525839046338064,48.0,0,-2.4492935982947064e-16,1.0,1.952688172043011,71.41935483870968,50.33333333333333,1.106666666666667,7.113978494623656
Alberta,1,2020,1,1,1,17,6.333333333333333,9.237604307040518,19.0,0,0.49999999999999994,0.8660254037844387,-3.792222222222222,73.58888888888889,55.65555555555556,0.5004444444444445,0.2633333333333332
Alberta,2,2020,1,1,1,1,1.0,0.0,3.0,0,0.8660254037844386,0.5000000000000001,-9.077419354838709,76.74193548387096,63.38709677419355,0.2790322580645161,-4.5075268817204295
Alberta,3,2020,4,1,1,1,1.0,0.0,3.0,0,1.0,6.123233995736766e-17,-13.441935483870967,75.11827956989247,62.53763440860215,0.3105376344086021,-8.853763440860215
Alberta,4,2020,68,4,1,1,2.0,1.7320508076036758,6.0,0,0.8660254037844387,-0.4999999999999998,-7.663218390804597,72.40229885057471,54.367816091954026,0.6511494252873563,-1.5862068965517242
Alberta,5,2020,209,68,4,1,24.333333333333332,37.84617990409933,73.0,0,0.49999999999999994,-0.8660254037844387,-7.761290322580645,70.49462365591398,49.2258064516129,0.9473118279569892,-1.0172043010752687
Alberta,6,2020,83,209,68,4,93.66666666666667,104.88247390929263,281.0,1,1.2246467991473532e-16,-1.0,0.0077777777777776,64.27777777777777,38.67777777777778,2.073111111111112,6.70888888888889
Alberta,7,2020,78,83,209,68,120.0,77.4402995861981,360.0,1,-0.4999999999999997,-0.8660254037844388,8.708602150537635,65.59139784946237,39.193548387096776,2.960537634408602,15.608602150537637
Alberta,8,2020,208,78,83,209,123.33333333333333,74.23161949825321,370.0,1,-0.8660254037844385,-0.5000000000000004,13.69,72.68888888888888,46.577777777777776,3.339222222222222,19.36555555555556
Alberta,9,2020,82,208,78,83,123.0,73.65459931328195,369.0,0,-1.0,-1.8369701987210297e-16,16.304301075268818,76.94623655913979,51.44086021505377,3.429569892473118,21.76451612903226
Alberta,10,2020,49,82,208,78,122.66666666666667,73.92789279651792,368.0,0,-0.8660254037844386,0.5000000000000001,16.161290322580644,70.11827956989247,44.95698924731183,3.3947311827956987,22.21935483870968
Alberta,11,2020,9,49,82,208,113.0,83.91066678319339,339.0,0,-0.5000000000000004,0.8660254037844384,11.2,73.5,49.988888888888894,2.083111111111111,16.913333333333334
Alberta,12,2020,8,9,49,82,46.666666666666664,36.555893277739145,140.0,0,-2.4492935982947064e-16,1.0,1.3311827956989246,71.52688172043011,50.72043010752688,1.0203225806451612,5.67741935483871
Alberta,1,2021,8,8,9,49,22.0,23.388031127055637,66.0,0,0.49999999999999994,0.8660254037844387,-4.567777777777778,73.38888888888889,57.55555555555556,0.5345555555555556,0.0822222222222221
Alberta,2,2021,1,8,8,9,8.333333333333334,0.5773502692976457,25.0,0,0.8660254037844386,0.5000000000000001,-5.693548387096774,71.78494623655915,58.40860215053764,0.453010752688172,-1.6817204301075268
Alberta,3,2021,34,1,8,8,5.666666666666667,4.041451884342845,17.0,0,1.0,6.123233995736766e-17,-7.198924731182795,70.20430107526882,55.236559139784944,0.5223655913978494,-2.569892473118279
Alberta,4,2021,153,34,1,8,14.333333333333334,17.387735140996874,43.0,0,0.8660254037844387,-0.4999999999999998,-15.769047619047615,69.5,53.92857142857143,0.4933333333333333,-9.99642857142857
Alberta,5,2021,282,153,34,1,62.666666666666664,79.95206897468915,188.0,0,0.49999999999999994,-0.8660254037844387,-1.8086021505376344,64.38709677419355,38.24731182795699,1.4472043010752689,6.118279569892473
Alberta,6,2021,189,282,153,34,156.33333333333334,124.0335975989306,469.0,1,1.2246467991473532e-16,-1.0,2.3777777777777778,54.577777777777776,29.41111111111111,2.438,9.877777777777776
Alberta,7,2021,396,189,282,153,208.0,66.56575696257124,624.0,1,-0.4999999999999997,-0.8660254037844388,8.829032258064515,62.68817204301075,36.5268817204301,3.233763440860215,15.768817204301074
Alberta,8,2021,175,396,189,282,289.0,103.67738422626263,867.0,1,-0.8660254037844385,-0.5000000000000004,16.92888888888889,65.38888888888889,39.28888888888889,4.289000000000001,23.346666666666668
Alberta,9,2021,94,175,396,189,253.33333333333334,123.75109427125658,760.0,0,-1.0,-1.8369701987210297e-16,18.92043010752688,68.63440860215053,43.61290322580645,4.250215053763441,25.088172043010758
Alberta,10,2021,66,94,175,396,221.66666666666666,156.31485320766367,665.0,0,-0.8660254037844386,0.5000000000000001,16.629032258064516,68.46236559139786,41.763440860215056,3.375268817204301,23.031182795698925
Alberta,11,2021,22,66,94,175,111.66666666666667,56.60683115431802,335.0,0,-0.5000000000000004,0.8660254037844384,12.036666666666669,69.64444444444445,45.27777777777778,2.278,18.05666666666667
Alberta,12,2021,6,22,66,94,60.666666666666664,36.2950869035119,182.0,0,-2.4492935982947064e-16,1.0,4.576344086021505,68.03225806451613,45.774193548387096,1.2886021505376344,9.619354838709675
Alberta,1,2022,1,6,22,66,31.333333333333332,31.0698138606186,94.0,0,0.49999999999999994,0.8660254037844387,-2.2844444444444445,72.63333333333334,55.85555555555556,0.5913333333333333,2.704444444444445
Alberta,2,2022,6,1,6,22,9.666666666666666,10.969655114610141,29.0,0,0.8660254037844386,0.5000000000000001,-17.03010752688172,74.09677419354838,62.27956989247312,0.2055913978494623,-12.959139784946236
Alberta,3,2022,21,6,1,6,4.333333333333333,2.8867513459758816,13.0,0,1.0,6.123233995736766e-17,-12.2,73.18279569892472,59.87096774193548,0.3858064516129032,-6.744086021505376
Alberta,4,2022,132,21,6,1,9.333333333333334,10.408329997338308,28.0,0,0.8660254037844387,-0.4999999999999998,-10.50595238095238,70.41666666666667,53.285714285714285,0.6122619047619048,-4.501190476190476
Alberta,5,2022,226,132,21,6,53.0,68.82586723028014,159.0,0,0.49999999999999994,-0.8660254037844387,-3.63978494623656,69.55913978494624,45.935483870967744,1.261290322580645,3.203225806451613
Alberta,6,2022,153,226,132,21,126.33333333333333,102.6174124275869,379.0,1,1.2246467991473532e-16,-1.0,1.0755555555555556,60.8,34.81111111111111,2.1624444444444446,7.643333333333333
Alberta,7,2022,272,153,226,132,170.33333333333334,49.33896364267755,511.0,1,-0.4999999999999997,-0.8660254037844388,7.974193548387096,63.8494623655914,36.56989247311828,2.921827956989248,14.359139784946237
Alberta,8,2022,284,272,153,226,217.0,60.00833275471093,651.0,1,-0.8660254037844385,-0.5000000000000004,14.393333333333334,68.06666666666666,42.51111111111111,3.7006666666666654,20.155555555555555
Alberta,9,2022,120,284,272,153,236.33333333333334,72.41776945842396,709.0,0,-1.0,-1.8369701987210297e-16,17.727956989247314,69.75268817204302,44.45161290322581,4.088924731182796,23.61397849462365
Alberta,10,2022,135,120,284,272,225.33333333333334,91.41845182091767,676.0,0,-0.8660254037844386,0.5000000000000001,18.405376344086022,70.48387096774194,43.84946236559139,3.5841935483870966,24.995698924731183
Alberta,11,2022,18,135,120,284,179.66666666666666,90.66605391949875,539.0,0,-0.5000000000000004,0.8660254037844384,14.074444444444444,64.83333333333333,39.66666666666666,2.744333333333333,21.204444444444444
Alberta,12,2022,4,18,135,120,91.0,63.66317616958914,273.0,0,-2.4492935982947064e-16,1.0,8.09032258064516,65.15053763440861,43.483870967741936,1.712258064516129,13.873118279569892
