;;;Year;Year;Year;Year;Year;Year;Year;Year;Year;Year;Year;Year;Year;Year;Year;Year;Year;Year;Year;Year;Year;Year;Year;Year;Year;Year;Year;Year;Year;Year;Year;Year;Year;Year
Jurisdiction;Month;Data Qualifier;1990;1991;1992;1993;1994;1995;1996;1997;1998;1999;2000;2001;2002;2003;2004;2005;2006;2007;2008;2009;2010;2011;2012;2013;2014;2015;2016;2017;2018;2019;2020;2021;2022;2023
Alberta;January;a;1;9;14;8;4;10;1;1;;4;9;4;10;14;3;4;22;6;12;8;7;2;14;1;9;2;7;4;4;17;1;8;1;
Alberta;February;a;5;4;11;12;;6;;;;;8;2;4;4;3;8;19;3;4;11;6;;3;3;;4;12;4;;1;1;1;6;
Alberta;March;a;8;8;61;29;12;29;1;4;2;6;30;28;3;1;9;4;50;9;20;5;48;1;32;9;11;32;62;14;19;34;4;34;21;
Alberta;April;a;26;111;110;52;64;57;26;24;152;133;139;79;35;34;230;205;355;129;103;127;338;140;123;37;81;277;287;101;97;188;68;153;132;
Alberta;May;a;114;201;91;242;132;215;56;120;412;121;112;292;264;267;300;443;399;238;438;493;381;405;456;529;360;505;250;348;454;315;209;282;226;
Alberta;June;a;214;114;147;342;231;272;124;34;273;213;261;184;588;215;283;283;354;264;342;454;349;115;124;132;282;504;402;176;337;180;83;189;153;
Alberta;July;a;446;125;226;112;223;97;89;148;196;280;197;201;358;328;658;250;546;410;414;170;506;174;410;211;330;318;221;285;166;219;78;396;272;
Alberta;August;a;381;239;339;35;118;26;76;79;540;427;74;91;122;257;122;89;154;163;221;179;174;160;272;180;263;162;128;264;178;78;208;175;284;
Alberta;September;a;117;54;14;17;83;58;14;17;84;46;12;55;60;59;43;65;141;66;75;174;49;135;170;135;114;55;85;77;62;30;82;94;120;
Alberta;October;a;34;66;29;19;25;33;7;3;60;84;16;56;22;57;27;35;56;59;87;45;62;44;40;26;39;62;14;49;53;17;49;66;135;
Alberta;November;a;16;6;15;7;30;5;2;1;10;29;5;22;21;14;3;30;6;26;23;17;26;29;2;15;15;23;13;5;9;1;9;22;18;
Alberta;December;a;4;7;4;1;9;;2;32;9;28;1;10;6;7;2;9;5;5;4;10;3;3;;1;2;8;4;3;3;1;8;6;4;
Alberta;Unspecified;a;;;;;;;;;;;;;;;;;;;52;22;;;;;;;;;;;;;;
Alberta;Unspecified;e;;;;;;;;;;;;;;;;;;;;;;;;;;;;;;;;;;1149
British Columbia;January;a;;2;6;3;6;5;5;;3;;;6;3;5;;2;3;2;1;8;2;2;2;1;1;;3;1;1;;;2;;
British Columbia;February;a;3;5;2;16;2;5;3;2;3;2;3;1;3;3;2;9;3;2;2;7;2;2;2;;4;2;7;2;;1;;;2;
British Columbia;March;a;35;25;70;34;66;61;31;6;24;8;17;30;5;19;43;15;9;17;13;19;30;9;6;21;10;31;27;10;14;27;19;21;14;
British Columbia;April;a;147;204;155;77;142;181;60;86;148;92;157;130;140;99;178;116;176;76;117;165;135;48;74;85;107;82;158;40;51;87;92;145;81;
British Columbia;May;a;235;193;243;322;212;316;82;131;259;83;82;257;161;144;132;275;203;159;161;197;91;67;168;128;105;309;127;91;178;135;66;110;57;
British Columbia;June;a;95;291;705;189;172;281;155;95;143;118;129;98;245;272;637;90;233;109;170;459;132;68;57;101;132;443;164;145;327;194;31;255;73;
British Columbia;July;a;775;296;493;153;1030;277;452;172;674;168;399;329;410;562;630;146;1086;624;596;1191;826;115;417;367;485;538;206;622;684;155;115;784;279;
British Columbia;August;a;1563;573;1803;274;2118;90;489;514;870;522;618;262;596;1132;719;254;507;518;780;632;392;223;642;999;502;404;325;306;766;126;283;263;935;
British Columbia;September;a;336;172;197;300;238;238;64;162;473;109;86;135;108;198;38;84;285;111;122;337;52;107;205;131;90;31;43;115;52;95;62;53;192;
British Columbia;October;a;60;248;126;119;70;15;16;3;44;82;51;59;86;40;36;8;80;18;66;49;54;37;83;43;40;27;12;64;45;16;13;24;169;
British Columbia;November;a;6;5;4;10;1;5;1;3;4;6;8;13;32;16;2;7;2;4;7;5;11;6;2;1;;3;3;4;2;7;2;4;15;
British Columbia;December;a;;;1;;;;2;2;;8;1;;6;;1;;;1;3;2;4;;1;2;2;1;;;2;;1;2;1;
British Columbia;Unspecified;a;;;;;;;;;18;;;;;;;;;;20;30;;;;;;;;;1;;;;;
British Columbia;Unspecified;e;;;;;;;;;;;;;;;;;;;;;;;;;;;;;;;;;;2269
Manitoba;January;a;;5;;;;;;;;2;;;;;;;;;;;;;;;;;;;;;;;;
Manitoba;February;a;;3;1;;;;;;;;;;;;;;;;;;;;;;;;;;;;;;;
Manitoba;March;a;;12;1;2;1;;;;;;1;;;;;;;;;;;;11;;;2;;;;;;3;;
Manitoba;April;a;39;109;7;39;49;13;1;8;110;133;1;1;1;1;7;34;45;38;18;2;91;6;51;3;5;50;22;8;33;21;11;22;1;
Manitoba;May;a;71;75;76;67;115;154;77;83;51;104;1;3;4;;8;32;26;53;154;35;62;39;42;71;41;75;59;43;176;81;38;59;6;
Manitoba;June;a;85;77;45;97;170;344;103;87;52;115;;;;;2;22;237;71;123;72;79;38;61;106;49;151;64;27;97;60;24;40;21;
Manitoba;July;a;90;142;57;24;82;90;155;102;136;125;;;;;35;140;172;161;40;21;211;106;263;169;45;169;42;142;108;86;41;275;89;
Manitoba;August;a;176;222;102;6;73;28;59;83;106;112;;;;1;2;21;116;50;54;11;115;82;43;103;94;13;15;298;54;35;36;56;70;
Manitoba;September;a;51;21;5;3;57;12;23;8;50;17;;1;;;;2;81;9;6;26;27;19;22;43;11;1;5;33;15;1;4;19;36;
Manitoba;October;a;36;6;4;1;7;21;4;1;1;5;1;1;;;;3;6;1;2;17;3;27;6;;1;2;;15;;;1;22;4;
Manitoba;November;a;13;;;;1;;;;1;;;;;;;;1;;;1;1;6;;1;;;;;;;;1;;
Manitoba;December;a;1;;;;;;;;;;;;;;;;;;;;;;;;;;;;;;;;;
Manitoba;Unspecified;a;;;;;;;2;1;9;;353;527;755;1207;3;;;;1;1;;;;;;;;;;;;;;
Manitoba;Unspecified;e;;;;;;;;;;;;;;;;;;;;;;;;;;;;;;;;;;305
New Brunswick;March;a;1;;;;;;1;;;;1;;;;;;19;1;;;3;;8;3;;;;;;;;3;1;
New Brunswick;April;a;42;91;50;60;41;28;26;16;67;55;31;36;31;18;57;137;154;68;14;54;47;23;189;176;39;3;151;16;37;12;100;52;36;
New Brunswick;May;a;71;154;345;195;89;71;75;72;61;180;73;169;97;89;118;41;64;130;81;88;52;25;49;123;79;165;55;25;124;88;127;58;99;
New Brunswick;June;a;100;150;78;40;37;116;129;68;29;210;77;43;42;38;41;39;9;31;13;11;7;7;22;7;20;3;25;16;34;19;72;30;13;
New Brunswick;July;a;114;141;24;32;48;89;11;77;44;80;40;47;37;29;14;29;33;21;33;3;14;11;26;34;16;22;10;39;40;21;27;7;15;
New Brunswick;August;a;32;92;42;72;104;156;74;75;73;40;46;116;76;26;11;49;22;33;14;18;42;1;28;7;12;11;25;79;15;32;64;17;12;
New Brunswick;September;a;13;20;23;28;40;74;37;13;5;31;44;53;22;27;8;12;8;15;11;17;11;;12;;9;15;12;35;31;5;49;6;11;
New Brunswick;October;a;4;7;14;3;137;11;13;45;7;3;30;29;10;3;6;1;1;17;2;3;2;;3;3;5;3;7;33;4;6;22;6;9;
New Brunswick;November;a;;1;;;22;2;1;2;2;7;;3;2;;1;1;;2;;3;1;;1;;;;;2;;;5;;17;
New Brunswick;December;a;;;;;;;;;;1;;;;;;;;;;;;;;;;;;;;;;;1;
New Brunswick;Unspecified;e;;;;;;;;;;;;;;;;;;;;;;;;;;;;;;;;;;202
Newfoundland and Labrador;January;a;;;;;;;;;;;;1;;;;;;;;;;;;;;;;;;;;;;
Newfoundland and Labrador;March;a;2;;;;;;;;;5;;;;;;;;;;1;2;;1;;;;;;;6;;2;;
Newfoundland and Labrador;April;a;5;4;2;1;3;3;13;;1;10;14;;5;2;1;6;6;2;2;26;7;2;20;7;;;;;12;1;12;6;2;
Newfoundland and Labrador;May;a;19;29;47;13;15;23;23;15;94;66;34;30;30;32;66;34;33;19;33;52;5;14;14;21;;2;1;18;41;44;17;21;27;
Newfoundland and Labrador;June;a;36;38;15;24;35;20;12;25;55;66;44;36;24;45;16;31;5;17;8;27;4;5;31;10;;21;;22;18;8;6;16;19;
Newfoundland and Labrador;July;a;29;12;13;5;35;14;4;26;11;20;9;34;13;6;14;23;9;10;14;29;4;5;36;22;;;14;20;19;11;25;15;34;
Newfoundland and Labrador;August;a;30;32;26;13;35;23;48;11;18;10;15;63;14;16;23;14;7;1;2;4;11;9;9;7;;4;3;8;24;16;27;22;13;
Newfoundland and Labrador;September;a;41;;3;5;5;3;9;1;;10;7;10;6;21;3;7;3;6;7;8;6;5;4;;1;;;4;14;11;5;5;10;
Newfoundland and Labrador;October;a;3;;;4;1;;2;;1;1;1;5;1;3;1;;;;6;;3;;;2;;;;4;3;2;;;15;
Newfoundland and Labrador;November;a;;;;;;;;;;;;;;1;;;;;;;1;;;;;;;6;;;4;2;3;
Newfoundland and Labrador;December;a;;;;;;;;;;;;1;;;;;;;;;;;;;;;;;;;1;;;
Newfoundland and Labrador;Unspecified;a;;;;;;;;;;;25;2;7;14;1;6;3;11;1;4;3;2;23;2;1;;;;1;;;;;
Newfoundland and Labrador;Unspecified;e;;;;;;;;;;;;;;;;;;;;;;;;;;;;;;;;;;101
Northwest Territories;January;a;;;;;2;;;;;;;;;;;;;;;1;;;;;;;;;;;;;;
Northwest Territories;February;a;;;;;1;;;;;;;;;;;;;;;1;;;;;;;;;;;;;;
Northwest Territories;April;a;;;;;1;1;1;;;1;;;;;;;;;;1;;;;;1;;;;;6;;;;
Northwest Territories;May;a;10;5;9;13;37;24;11;1;24;3;5;;2;6;3;15;1;2;8;4;5;14;12;4;4;60;3;22;4;8;1;2;7;
Northwest Territories;June;a;98;59;31;175;185;79;182;17;76;70;90;49;38;48;51;43;34;79;61;15;81;78;76;152;118;125;58;33;14;32;47;37;71;
Northwest Territories;July;a;113;149;130;249;326;56;134;74;228;39;144;71;41;86;206;194;59;89;85;10;121;85;148;77;188;41;112;123;35;88;15;100;118;
Northwest Territories;August;a;13;117;100;30;78;47;22;10;69;53;36;6;4;19;27;5;63;14;86;13;13;22;43;19;77;27;20;77;7;11;7;11;63;
Northwest Territories;September;a;2;1;15;4;13;7;;3;2;6;;2;;1;9;3;9;;;1;4;2;10;5;;;;13;2;;;;6;
Northwest Territories;October;a;;;;;8;1;;;;;;;;;2;1;1;;;;;;;;;;;;;1;;;6;
Northwest Territories;November;a;;;;;1;3;;;;;;;;;1;;;;;;;;;;;4;;;1;1;;;2;
Northwest Territories;December;a;;;;2;1;;;;;;;;;;;;;;;;;;;;;;;;;;;;1;
Northwest Territories;Unspecified;a;;;;;;;;;;;;;;;;;;;;14;;;;;;;;;;;;1;;
Northwest Territories;Unspecified;e;;;;;;;;;;;;;;;;;;;;;;;;;;;;;;;;;;304
Nova Scotia;January;a;;;;;;;;;;;;;;;;;1;;;;;;;;;;;;;;;;;
Nova Scotia;March;a;34;26;;;1;28;55;1;20;23;4;4;5;2;;3;87;18;2;4;59;20;72;3;1;;1;;2;17;5;7;;
Nova Scotia;April;a;89;208;43;78;63;80;65;44;86;78;19;36;23;75;31;155;69;148;136;104;114;62;157;59;41;1;104;82;51;16;38;45;13;
Nova Scotia;May;a;134;174;138;110;33;145;66;77;91;129;57;139;111;100;137;12;29;165;45;46;63;9;35;85;71;204;59;44;54;45;50;30;58;
Nova Scotia;June;a;58;145;46;20;28;49;45;35;45;97;51;31;31;28;52;39;1;16;37;8;9;6;22;2;23;6;28;11;26;13;22;27;7;
Nova Scotia;July;a;74;162;19;21;57;26;9;108;19;89;25;67;26;30;11;15;6;15;19;7;;8;32;6;13;12;15;12;24;7;11;1;32;
Nova Scotia;August;a;62;10;18;43;23;36;20;59;61;24;29;129;55;16;15;41;10;19;2;14;;7;26;17;10;8;38;15;17;34;43;2;10;
Nova Scotia;September;a;36;;19;26;22;37;7;16;8;14;18;47;18;13;8;22;12;2;3;7;;2;9;2;8;18;22;7;22;9;5;1;30;
Nova Scotia;October;a;9;1;13;4;22;4;3;30;16;3;8;28;;8;4;2;1;3;2;;;;;;5;;4;5;;2;4;;2;
Nova Scotia;November;a;1;;;;14;2;;;;7;1;8;1;;1;;;1;1;;5;;;;;;;1;;;;;;
Nova Scotia;Unspecified;a;;;;;;;;;;;;;;;;;;;1;1;;;;;;;;;;;;;;
Nova Scotia;Unspecified;e;;;;;;;;;;;;;;;;;;;;;;;;;;;;;;;;;;220
Ontario;January;a;;;;;;;;;;;;1;;28;;;1;;;1;;;1;;;;;;;;;;;
Ontario;February;a;;;;;;;;;;1;1;;;25;;;;2;;;;;;;;;;1;;;;;;
Ontario;March;a;62;12;2;1;4;137;7;;11;6;17;1;1;37;;;3;15;;;34;;16;;1;2;5;4;5;2;2;15;2;
Ontario;April;a;185;210;58;112;222;128;30;136;207;146;99;52;26;95;34;86;83;105;29;24;199;30;136;19;5;64;38;23;18;19;22;29;5;
Ontario;May;a;242;231;347;171;266;230;241;180;463;234;88;115;105;121;64;159;150;235;79;110;334;145;276;140;54;126;176;46;191;58;86;116;72;
Ontario;June;a;111;415;380;129;412;900;570;425;254;154;44;267;85;288;79;194;273;92;34;140;83;129;125;122;73;132;141;40;245;103;70;332;32;
Ontario;July;a;237;586;60;158;59;150;198;371;710;217;117;373;536;133;101;602;597;201;35;42;166;398;710;168;86;165;147;230;524;152;303;572;63;
Ontario;August;a;543;944;94;144;55;442;144;423;477;196;156;666;212;204;99;708;503;423;132;20;80;401;181;105;77;116;113;369;300;193;115;123;63;
Ontario;September;a;185;138;8;11;27;125;73;90;127;64;38;109;188;31;40;212;660;49;23;46;12;171;175;20;7;55;22;38;55;10;13;16;28;
Ontario;October;a;31;11;11;10;27;36;11;18;32;4;83;10;8;18;18;14;19;5;9;6;23;58;13;8;6;14;11;30;;4;3;3;9;
Ontario;November;a;16;12;;4;7;2;;1;8;3;7;2;1;23;;3;2;1;1;;2;4;2;;;;4;;;;;;7;
Ontario;December;a;;1;;2;;;;;2;;;;;40;;;;;;;;3;;;;1;;;1;;;;;
Ontario;Unspecified;a;;;;;;;1;2;;;3;;1;;;;1;1;2;2;;1;;;;;;;;;;;;
Ontario;Unspecified;e;;;;;;;;;;;;;;;;;;;;;;;;;;;;;;;;;;743
Parks Canada;Unspecified;e;;;;;;;;;;;;;;;;;;;;;;;;;;;;;;;;;;117
Prince Edward Island;January;a;0;0;0;0;0;0;0;0;0;0;;0;0;0;0;0;0;0;0;0;0;0;0;0;;;0;0;;;;;;
Prince Edward Island;February;a;0;0;0;0;0;0;0;0;0;0;;0;0;0;0;0;0;1;0;0;0;0;0;0;;;0;0;;;;;;
Prince Edward Island;March;a;0;2;0;0;0;0;0;;;1;;0;0;0;0;0;9;0;0;0;0;0;0;0;;;0;0;;;;;;
Prince Edward Island;April;a;7;17;7;0;12;0;0;2;1;2;;0;2;2;1;8;10;4;0;3;1;2;2;4;;;5;0;;;;;;
Prince Edward Island;May;a;13;16;14;26;3;11;0;20;14;13;;7;13;7;14;1;13;4;0;5;3;1;3;1;1;;2;0;;;;;;
Prince Edward Island;June;a;8;8;3;2;3;2;0;7;2;3;;3;0;0;3;1;2;0;0;0;0;0;1;1;2;;0;0;;;;;;
Prince Edward Island;July;a;6;3;0;0;4;3;0;2;3;6;;6;6;0;0;0;0;0;4;0;0;0;1;1;;;0;0;;;;;;
Prince Edward Island;August;a;1;2;0;0;7;7;0;2;6;0;;13;4;1;1;1;1;0;0;0;0;0;1;1;;;0;0;;;;;;
Prince Edward Island;September;a;1;0;2;1;3;4;0;;;6;;6;3;2;0;0;0;0;0;0;0;1;0;0;1;;1;0;;;;;;
Prince Edward Island;October;a;0;0;1;0;4;2;0;1;1;2;;10;1;1;1;0;0;0;0;0;0;0;0;0;;;0;0;;;;;;
Prince Edward Island;November;a;2;0;0;0;7;0;0;;;1;;1;0;1;0;1;1;0;0;0;0;0;0;0;;;0;0;;;;;;
Prince Edward Island;December;a;0;0;0;0;0;0;0;0;0;0;;0;0;0;0;1;0;0;0;0;0;0;0;0;;;0;0;;;;;;
Prince Edward Island;Unspecified;a;0;0;0;0;0;0;0;0;0;0;;0;0;0;0;0;0;0;0;0;0;0;0;0;;5;0;4;;;;;;
Prince Edward Island;Unspecified;e;;;;;;;;;;;;;;;;;;;;;;;;;;;;;;;;;;8
Quebec;February;a;;;;;;;;;;;;;1;;;;;;;;;;;;;;;1;;;;;;
Quebec;March;a;1;1;;;;9;;;;;1;;1;;;;1;;;1;11;;14;;;;1;;;;2;1;;
Quebec;April;a;59;64;44;32;15;33;5;21;115;92;80;98;53;39;32;104;92;37;33;105;108;4;113;64;14;29;88;25;12;3;81;115;37;
Quebec;May;a;214;220;405;188;218;139;163;63;279;311;100;296;128;254;82;259;106;271;77;94;251;63;181;164;57;213;124;33;190;54;277;165;219;
Quebec;June;a;139;408;180;98;139;470;706;436;112;197;74;127;84;193;77;160;256;319;36;195;154;75;94;89;72;46;119;78;124;59;174;162;21;
Quebec;July;a;178;318;54;129;27;170;55;143;106;140;137;109;249;78;39;431;129;63;18;21;89;71;268;138;66;40;141;88;201;120;105;37;49;
Quebec;August;a;138;162;59;81;30;367;209;146;171;165;52;324;166;91;26;313;49;192;35;26;95;58;86;40;67;30;86;57;38;96;36;93;51;
Quebec;September;a;118;32;14;10;17;53;92;22;34;120;44;41;205;53;36;104;42;26;12;32;21;29;32;15;11;21;17;16;18;21;27;37;24;
Quebec;October;a;4;6;7;4;46;23;19;44;29;5;25;8;11;12;29;3;8;28;9;2;7;26;7;15;5;9;25;22;13;9;3;12;16;
Quebec;November;a;;5;2;1;7;1;1;1;8;7;4;2;1;;1;1;1;3;2;7;4;5;3;3;4;3;5;2;1;;7;7;35;
Quebec;December;a;;;;;;;;;;;;;;;;;;;;;;;;;;1;1;;;;;;1;
Quebec;Unspecified;a;;;;;;;;;;;;;;;;;;;1;2;;;;;;;;;;;;;;
Quebec;Unspecified;e;;;;;;;;;;;;;;;;;;;;;;;;;;;;;;;;;;713
Saskatchewan;January;a;;2;;2;1;;1;;;;1;4;2;;;;11;;1;1;1;;;;;;;;;1;1;;;
Saskatchewan;February;a;;;;1;;;1;;;;;1;3;;2;;19;;;;;;;;;;;;;;2;;;
Saskatchewan;March;a;2;1;3;21;1;;;;;1;4;3;3;;1;;7;;;;1;;1;;;1;;1;;;2;2;2;
Saskatchewan;April;a;18;79;50;47;28;10;6;10;107;51;46;121;35;48;19;15;79;44;28;59;56;20;40;4;5;74;87;16;50;41;12;51;11;
Saskatchewan;May;a;103;127;103;219;95;222;62;92;292;100;72;158;292;135;80;76;60;78;161;193;103;144;89;177;142;195;111;76;178;73;49;85;90;
Saskatchewan;June;a;275;75;151;216;153;283;123;52;216;158;137;200;345;73;26;32;204;76;265;201;166;68;38;51;37;258;125;15;125;59;35;65;71;
Saskatchewan;July;a;130;111;150;82;74;85;161;150;355;252;89;116;183;221;166;191;77;124;98;14;190;19;169;48;111;148;53;72;61;58;26;303;131;
Saskatchewan;August;a;314;272;215;30;193;18;53;168;220;158;46;154;21;146;31;17;41;47;31;17;64;15;72;115;97;38;23;138;30;14;31;92;71;
Saskatchewan;September;a;45;48;18;22;142;20;15;15;71;6;15;74;5;15;3;5;10;3;7;29;;28;15;48;10;8;9;37;1;2;27;16;49;
Saskatchewan;October;a;10;31;7;3;10;9;3;2;6;7;11;44;2;20;3;2;3;2;12;;1;13;2;6;3;12;;13;7;3;8;26;25;
Saskatchewan;November;a;;14;2;2;;3;;;;7;;;;;1;;5;;;1;;1;2;;;1;;;;2;8;1;;
Saskatchewan;December;a;;2;;;;1;;;1;;;;;;;;9;;;;;;;;;;;;;5;;1;;
Saskatchewan;Unspecified;a;;;;;;;;;;;1;;6;;;;;;7;27;;;;;;;;;;;;;;
Saskatchewan;Unspecified;e;;;;;;;;;;;;;;;;;;;;;;;;;;;;;;;;;;462
Yukon;January;a;;;;;;;;;;;;;;;;;;;;;1;;;;;;;;;;;;;
Yukon;March;a;;;;;;1;2;;;;;;;;;;;;;;;;;;;;;;;;;;;
Yukon;April;a;3;8;;1;5;4;2;;2;2;;1;;3;;1;1;1;;;;1;;;1;;2;3;1;4;;1;;
Yukon;May;a;15;28;9;21;16;31;19;23;44;10;8;8;17;13;5;12;3;10;11;9;20;24;4;7;4;95;8;9;6;25;7;3;;
Yukon;June;a;19;109;26;45;47;80;72;34;36;49;36;30;30;30;138;45;32;50;40;30;38;13;74;100;14;83;15;45;11;18;10;28;;
Yukon;July;a;69;33;72;48;113;22;44;37;73;36;3;20;19;20;100;20;36;25;6;60;18;14;29;29;10;5;19;32;21;64;4;70;;
Yukon;August;a;32;9;9;10;73;6;7;13;35;61;;9;4;4;33;4;5;15;10;16;10;1;19;39;5;2;8;25;11;4;1;12;;
Yukon;September;a;14;;;10;1;2;3;3;7;1;;;;2;5;1;2;;2;;;3;1;2;;1;1;1;1;3;2;;;
Yukon;October;a;2;;;1;;;;2;;;;;;;1;;1;10;1;;2;;;;;;;;;;;;;
Yukon;November;a;;;;;;1;;;;;;;;5;;;;;;;;;;;;;;;;;;;;
Yukon;December;a;;;;;;;;;;;;;;;;;;;6;3;;;;;;;;;;;;;;
Yukon;Unspecified;a;;;;;;1;;;1;;8;;;;;;;;;;;;;;;;;;;;;;289;
Yukon;Unspecified;e;;;;;;;;;;;;;;;;;;;;;;;;;;;;;;;;;;218
